booking_id,distance_km,weight_kg,vehicle_type,loading_required,goods_type,traffic_level,fare_inr,delivery_time_hours
10001,14.0,571,Pickup,No,Appliances,Medium,430,1.0
10002,2.0,136,Truck,Yes,Construction Material,Medium,880,1.1
10003,32.4,295,Mini Truck,No,Furniture,Low,1020,1.8
10004,30.2,266,Mini Truck,Yes,Grocery,Low,1210,2.4
10005,32.0,408,Pickup,Yes,Appliances,Medium,880,2.8
10006,11.3,421,Pickup,No,Electronics,Low,400,1.5
10007,14.2,193,E-Rickshaw Loader,No,Electronics,Medium,320,0.9
10008,13.8,316,Truck,No,Furniture,Medium,1040,1.5
10009,46.2,883,Mini Truck,Yes,Construction Material,Medium,1630,3.6
10010,25.6,441,Mini Truck,Yes,Furniture,Low,1150,2.5
10011,23.2,123,E-Rickshaw Loader,Yes,Clothing,Low,620,2.3
10012,37.5,190,Truck,No,Appliances,Medium,1570,2.7
10013,13.8,493,Truck,Yes,Appliances,High,1200,2.4
10014,28.9,420,Pickup,Yes,Furniture,Medium,950,2.5
10015,74.3,403,Pickup,No,Construction Material,High,1340,4.3
10016,50.9,766,Pickup,Yes,Furniture,High,1450,3.7
10017,28.6,608,Pickup,No,Construction Material,Low,770,2.0
10018,23.9,222,Mini Truck,No,Clothing,High,850,1.8
10019,31.8,272,Mini Truck,Yes,Construction Material,Medium,1060,2.3
10020,55.5,212,Pickup,No,Appliances,High,970,2.8
10021,53.0,149,Mini Truck,No,Clothing,Medium,1200,2.7
10022,61.5,759,Pickup,No,Electronics,Low,1200,2.6
10023,26.6,418,Pickup,No,Construction Material,High,690,1.8
10024,2.7,106,Pickup,No,Furniture,Low,260,0.6
10025,71.0,827,Mini Truck,Yes,Grocery,High,1900,5.3
10026,11.9,168,Mini Truck,No,Electronics,Low,590,1.4
10027,37.1,366,Pickup,No,Appliances,Medium,750,2.7
10028,2.7,327,Mini Truck,Yes,Grocery,Medium,660,1.9
10029,22.9,76,Mini Truck,No,Construction Material,High,760,1.9
10030,17.5,43,E-Rickshaw Loader,No,Clothing,Low,290,0.9
10031,61.6,533,Mini Truck,No,Clothing,Medium,1520,3.4
10032,28.8,703,Pickup,No,Clothing,Medium,750,1.4
10033,22.7,197,E-Rickshaw Loader,No,Electronics,High,340,1.8
10034,31.1,1453,Truck,No,Clothing,Medium,1540,1.5
10035,2.0,180,Truck,No,Construction Material,Medium,570,1.2
10036,13.6,56,Truck,Yes,Construction Material,Medium,1110,2.1
10037,15.3,427,Pickup,No,Furniture,Low,510,1.1
10038,34.5,133,E-Rickshaw Loader,Yes,Electronics,High,740,3.0
10039,9.8,294,Mini Truck,Yes,Appliances,Low,740,1.7
10040,25.8,617,Mini Truck,No,Electronics,Medium,840,1.5
10041,21.1,199,Pickup,Yes,Grocery,Medium,740,2.2
10042,14.2,295,Mini Truck,No,Electronics,Low,590,0.6
10043,14.9,189,E-Rickshaw Loader,No,Furniture,Medium,300,1.0
10044,21.0,266,Truck,No,Electronics,High,1070,1.4
10045,3.7,427,Pickup,Yes,Construction Material,Medium,570,1.7
10046,37.9,465,Mini Truck,No,Appliances,Low,1020,2.0
10047,11.9,268,Pickup,No,Electronics,Low,410,1.2
10048,18.4,274,Mini Truck,No,Electronics,Medium,730,1.3
10049,60.2,304,Mini Truck,Yes,Construction Material,Medium,1760,4.0
10050,38.3,181,Pickup,No,Grocery,High,830,2.0
10051,8.3,412,Truck,No,Appliances,Medium,860,1.2
10052,2.0,185,Mini Truck,No,Grocery,Medium,370,1.0
10053,32.0,206,Truck,Yes,Grocery,Medium,1620,2.9
10054,19.0,135,Truck,No,Construction Material,Medium,1080,1.2
10055,25.9,718,Mini Truck,No,Clothing,High,860,2.0
10056,37.4,92,Truck,Yes,Construction Material,Medium,1740,3.0
10057,41.4,190,E-Rickshaw Loader,No,Electronics,Low,540,1.6
10058,16.3,281,Pickup,Yes,Furniture,Medium,700,2.4
10059,20.7,223,E-Rickshaw Loader,Yes,Appliances,Medium,550,2.0
10060,29.5,135,Pickup,Yes,Clothing,Medium,830,2.8
10061,30.8,148,Pickup,No,Furniture,High,630,2.1
10062,25.7,184,Pickup,No,Appliances,Medium,560,2.0
10063,55.9,1707,Truck,No,Construction Material,Medium,2370,2.7
10064,30.6,183,Pickup,Yes,Grocery,Medium,890,2.6
10065,37.1,435,Pickup,Yes,Furniture,High,1160,3.4
10066,27.3,256,Mini Truck,No,Clothing,High,980,1.8
10067,9.8,731,Pickup,Yes,Electronics,High,760,2.2
10068,13.5,361,Truck,Yes,Clothing,Low,1090,1.7
10069,8.0,108,E-Rickshaw Loader,No,Furniture,Medium,240,1.1
10070,44.5,210,Truck,No,Clothing,Low,1720,2.2
10071,5.5,1300,Mini Truck,No,Furniture,Medium,570,0.7
10072,20.1,546,Pickup,No,Electronics,Low,550,1.6
10073,17.0,297,E-Rickshaw Loader,Yes,Electronics,Low,530,1.7
10074,16.6,141,Truck,Yes,Furniture,Medium,1260,2.2
10075,17.8,155,Mini Truck,No,Grocery,Medium,800,0.7
10076,62.7,122,Mini Truck,No,Electronics,Low,1320,2.9
10077,3.4,71,Mini Truck,No,Appliances,Low,480,1.0
10078,51.5,175,E-Rickshaw Loader,Yes,Construction Material,Medium,970,3.5
10079,18.9,459,Pickup,Yes,Construction Material,Low,770,2.1
10080,39.7,194,E-Rickshaw Loader,No,Electronics,Medium,540,2.7
10081,23.7,784,Truck,Yes,Grocery,Medium,1400,2.7
10082,8.8,509,Mini Truck,No,Furniture,High,520,0.5
10083,54.7,86,Pickup,No,Clothing,Low,980,2.4
10084,49.4,221,E-Rickshaw Loader,Yes,Electronics,Low,860,3.1
10085,9.4,567,Pickup,No,Clothing,Medium,410,1.1
10086,33.7,309,Pickup,No,Grocery,High,780,2.3
10087,14.1,331,Mini Truck,No,Appliances,Low,670,1.0
10088,5.7,69,Mini Truck,No,Furniture,Low,470,0.7
10089,11.9,188,Truck,No,Furniture,High,910,0.8
10090,52.7,437,Mini Truck,No,Construction Material,Low,1450,2.2
10091,40.3,273,E-Rickshaw Loader,Yes,Appliances,Low,830,3.0
10092,17.9,79,Mini Truck,No,Construction Material,High,700,1.2
10093,52.8,561,Mini Truck,No,Furniture,High,1320,3.0
10094,46.9,264,Mini Truck,No,Construction Material,Medium,1320,2.2
10095,11.9,328,Mini Truck,Yes,Appliances,High,860,2.1
10096,61.1,87,Mini Truck,No,Furniture,Medium,1430,3.4
10097,16.8,60,Mini Truck,Yes,Furniture,Low,730,2.3
10098,18.7,341,Mini Truck,No,Clothing,Medium,730,1.3
10099,3.5,261,E-Rickshaw Loader,No,Appliances,Medium,200,0.7
10100,13.8,189,E-Rickshaw Loader,No,Clothing,Medium,300,1.2
10101,20.2,260,E-Rickshaw Loader,Yes,Appliances,High,580,2.3
10102,27.8,363,Mini Truck,No,Furniture,Low,780,1.7
10103,8.8,102,Pickup,No,Construction Material,Medium,370,1.3
10104,12.4,33,Mini Truck,No,Clothing,Medium,650,1.4
10105,62.0,1417,Truck,No,Clothing,Low,2270,2.8
10106,44.9,262,Pickup,No,Clothing,Medium,900,2.4
10107,50.4,193,Pickup,No,Appliances,Medium,950,2.4
10108,21.5,323,Mini Truck,No,Grocery,High,770,1.2
10109,28.4,135,Pickup,No,Furniture,High,710,2.2
10110,34.2,212,E-Rickshaw Loader,No,Grocery,Medium,540,2.0
10111,61.4,496,Pickup,No,Construction Material,Medium,1110,3.2
10112,5.6,397,Pickup,Yes,Electronics,Medium,570,2.2
10113,15.0,466,Truck,No,Clothing,Medium,1020,1.6
10114,26.6,281,Truck,No,Electronics,Low,1330,1.6
10115,23.8,657,Mini Truck,No,Furniture,Medium,870,1.7
10116,12.3,645,Truck,No,Grocery,Medium,970,0.8
10117,32.2,257,Truck,Yes,Clothing,Medium,1500,2.9
10118,15.4,308,Pickup,Yes,Grocery,High,690,2.2
10119,22.6,732,Truck,Yes,Clothing,Low,1470,2.0
10120,31.2,322,Mini Truck,No,Grocery,Medium,880,2.0
10121,16.0,234,Truck,No,Furniture,Medium,1080,1.5
10122,38.1,247,Truck,No,Furniture,Medium,1580,2.7
10123,42.8,211,Pickup,No,Clothing,Low,800,1.8
10124,12.6,287,E-Rickshaw Loader,No,Grocery,Medium,320,0.8
10125,15.4,217,Pickup,No,Appliances,Low,480,1.1
10126,10.0,318,Mini Truck,Yes,Construction Material,High,820,2.0
10127,22.2,171,Truck,No,Grocery,High,1260,2.1
10128,27.8,403,Truck,Yes,Grocery,Low,1520,2.7
10129,17.2,198,E-Rickshaw Loader,No,Furniture,Low,330,0.7
10130,27.3,502,Mini Truck,Yes,Construction Material,Low,980,2.3
10131,15.0,452,Pickup,No,Construction Material,Low,520,0.8
10132,15.4,623,Pickup,Yes,Clothing,Low,760,1.6
10133,28.8,250,E-Rickshaw Loader,No,Electronics,Low,460,1.8
10134,16.2,316,Pickup,No,Electronics,Medium,480,1.3
10135,21.4,191,Truck,No,Furniture,Medium,1300,1.9
10136,29.5,536,Pickup,Yes,Electronics,Medium,1030,2.3
10137,27.0,201,Mini Truck,Yes,Grocery,Medium,870,2.5
10138,15.2,58,Mini Truck,No,Appliances,High,650,1.2
10139,45.6,183,Pickup,Yes,Construction Material,High,1080,4.1
10140,2.0,564,Truck,No,Clothing,Medium,740,0.5
10141,33.1,488,Truck,No,Electronics,Low,1540,1.8
10142,26.6,373,Pickup,No,Furniture,Low,610,1.2
10143,8.9,1234,Mini Truck,Yes,Electronics,Low,950,2.1
10144,24.3,404,Pickup,No,Electronics,Medium,570,2.1
10145,13.6,158,Pickup,No,Construction Material,Medium,480,1.0
10146,31.5,146,E-Rickshaw Loader,No,Grocery,Medium,480,1.7
10147,2.0,451,Mini Truck,No,Appliances,Low,440,0.7
10148,18.5,807,Mini Truck,No,Appliances,Medium,780,1.2
10149,14.7,218,E-Rickshaw Loader,No,Grocery,Low,270,1.4
10150,38.2,413,Pickup,No,Clothing,Low,850,2.1
10151,3.7,429,Truck,No,Construction Material,Medium,830,1.1
10152,23.2,490,Pickup,No,Electronics,Low,540,1.2
10153,32.9,599,Pickup,No,Appliances,Medium,760,1.6
10154,68.7,701,Mini Truck,Yes,Electronics,High,2020,4.9
10155,15.4,153,Truck,No,Clothing,High,950,1.8
10156,28.2,200,Pickup,Yes,Grocery,Low,900,2.2
10157,3.9,188,Mini Truck,No,Grocery,Medium,440,0.9
10158,22.3,261,Mini Truck,No,Grocery,Medium,740,1.4
10159,47.8,332,Pickup,No,Appliances,High,780,3.3
10160,69.1,392,Mini Truck,Yes,Furniture,High,1850,4.6
10161,30.0,297,Pickup,Yes,Furniture,Low,900,2.5
10162,5.3,184,Mini Truck,No,Grocery,High,510,1.1
10163,52.8,126,Mini Truck,No,Furniture,Low,1340,2.1
10164,5.3,422,Mini Truck,Yes,Clothing,Medium,690,1.8
10165,8.1,170,E-Rickshaw Loader,No,Clothing,Medium,200,0.9
10166,55.7,270,Truck,Yes,Appliances,Low,2370,3.6
10167,21.1,68,Pickup,No,Clothing,High,540,1.7
10168,14.1,595,Pickup,Yes,Appliances,Medium,720,1.9
10169,35.9,261,E-Rickshaw Loader,No,Clothing,High,500,2.4
10170,25.2,94,Mini Truck,No,Appliances,High,880,1.4
10171,45.1,310,Mini Truck,Yes,Electronics,High,1550,3.9
10172,26.0,218,E-Rickshaw Loader,No,Grocery,Medium,400,2.2
10173,26.5,226,Mini Truck,No,Appliances,Medium,710,1.6
10174,44.0,22,Pickup,No,Clothing,Medium,850,2.4
10175,20.9,251,Mini Truck,No,Appliances,Medium,760,1.9
10176,10.8,177,Pickup,No,Furniture,Low,400,0.5
10177,37.3,353,Mini Truck,Yes,Appliances,Medium,1140,3.1
10178,17.9,316,Pickup,Yes,Clothing,Medium,810,2.6
10179,27.5,211,Truck,No,Furniture,Medium,1140,1.6
10180,3.0,201,Pickup,Yes,Furniture,High,460,1.4
10181,20.3,749,Pickup,No,Electronics,Low,550,1.7
10182,14.9,181,E-Rickshaw Loader,Yes,Appliances,Medium,460,1.8
10183,2.9,440,Truck,No,Construction Material,Medium,610,0.9
10184,20.8,572,Truck,Yes,Appliances,Medium,1430,2.4
10185,21.3,260,Pickup,Yes,Grocery,Medium,840,2.6
10186,28.9,883,Mini Truck,No,Appliances,Low,950,1.6
10187,47.3,395,Truck,No,Grocery,High,1690,3.3
10188,42.4,341,Mini Truck,No,Electronics,High,1260,2.6
10189,15.7,392,Mini Truck,No,Furniture,Low,710,0.8
10190,25.6,250,Pickup,No,Appliances,Low,580,1.1
10191,31.8,184,E-Rickshaw Loader,No,Electronics,Low,480,1.5
10192,16.1,664,Truck,Yes,Furniture,Medium,1430,2.2
10193,5.8,116,Truck,Yes,Furniture,Medium,890,1.5
10194,19.2,125,Mini Truck,No,Electronics,Low,710,1.3
10195,48.6,288,Pickup,No,Appliances,Medium,930,2.7
10196,5.5,154,Pickup,Yes,Construction Material,Low,470,1.4
10197,9.8,69,Mini Truck,Yes,Construction Material,High,730,1.9
10198,11.8,121,Truck,No,Appliances,High,930,1.4
10199,9.9,158,Truck,No,Grocery,High,870,1.1
10200,36.0,408,Mini Truck,Yes,Appliances,Low,1200,2.9
10201,13.6,271,Mini Truck,Yes,Electronics,Medium,960,1.9
10202,36.7,252,E-Rickshaw Loader,No,Appliances,Low,510,2.0
10203,23.1,115,Pickup,Yes,Furniture,Medium,790,2.4
10204,4.2,134,Truck,Yes,Clothing,Low,970,1.8
10205,16.3,364,Mini Truck,No,Construction Material,Medium,560,1.4
10206,43.3,177,E-Rickshaw Loader,Yes,Electronics,Medium,840,3.1
10207,25.0,240,E-Rickshaw Loader,No,Grocery,Medium,410,1.8
10208,17.3,123,Mini Truck,Yes,Electronics,High,850,2.0
10209,49.0,115,E-Rickshaw Loader,No,Furniture,Medium,640,2.8
10210,9.0,172,Pickup,No,Construction Material,Low,380,0.9
10211,14.0,613,Mini Truck,Yes,Appliances,Medium,770,2.0
10212,40.6,91,Mini Truck,Yes,Construction Material,High,1280,3.4
10213,35.5,661,Mini Truck,Yes,Construction Material,Medium,1350,2.7
10214,8.3,574,Pickup,No,Furniture,Medium,460,0.8
10215,31.1,210,Mini Truck,No,Furniture,High,840,2.4
10216,13.4,315,Pickup,Yes,Grocery,Medium,680,2.4
10217,2.7,386,Pickup,Yes,Appliances,High,510,1.6
10218,17.6,494,Mini Truck,Yes,Appliances,Low,990,2.0
10219,71.9,134,Mini Truck,No,Grocery,Medium,1760,3.3
10220,43.8,534,Truck,No,Construction Material,Low,1660,1.7
10221,21.6,334,Mini Truck,No,Construction Material,Medium,880,1.1
10222,5.2,143,Mini Truck,Yes,Clothing,Low,720,1.7
10223,2.9,166,E-Rickshaw Loader,Yes,Clothing,Low,390,1.1
10224,23.2,141,Pickup,No,Clothing,Low,560,1.6
10225,29.7,306,Pickup,No,Furniture,Medium,650,1.6
10226,36.3,218,Pickup,No,Appliances,Low,790,1.9
10227,33.6,350,Truck,Yes,Furniture,High,1650,3.0
10228,35.5,365,Pickup,No,Grocery,Low,740,1.6
10229,27.2,722,Truck,Yes,Appliances,Medium,1840,2.2
10230,48.3,475,Mini Truck,No,Grocery,Low,1320,1.9
10231,14.8,418,Mini Truck,No,Furniture,Low,700,0.9
10232,22.9,64,Mini Truck,No,Electronics,High,870,2.3
10233,4.3,599,Mini Truck,Yes,Construction Material,High,740,1.9
10234,14.6,225,Mini Truck,No,Furniture,High,610,1.4
10235,43.0,123,Pickup,Yes,Grocery,Medium,970,3.1
10236,34.7,1106,Mini Truck,Yes,Electronics,Low,1530,2.5
10237,2.0,177,Pickup,No,Clothing,Low,260,0.7
10238,75.3,184,E-Rickshaw Loader,No,Furniture,Medium,740,3.6
10239,25.1,390,Mini Truck,Yes,Clothing,High,870,2.5
10240,25.4,452,Pickup,No,Grocery,High,570,2.0
10241,13.8,308,Truck,No,Construction Material,Low,950,0.8
10242,16.4,146,Truck,Yes,Electronics,Medium,1200,1.5
10243,24.9,513,Truck,Yes,Construction Material,Low,1570,2.1
10244,33.4,370,Pickup,No,Construction Material,Medium,680,2.4
10245,28.1,255,E-Rickshaw Loader,No,Furniture,Low,450,1.2
10246,14.8,329,Truck,Yes,Appliances,Medium,1300,1.7
10247,10.6,255,Mini Truck,No,Appliances,High,560,1.0
10248,10.0,516,Truck,No,Furniture,Medium,870,0.6
10249,45.2,443,Truck,No,Construction Material,Low,1670,2.6
10250,41.7,556,Truck,No,Construction Material,Low,1830,2.1
10251,31.4,264,Pickup,Yes,Furniture,Medium,830,2.3
10252,45.0,248,Pickup,Yes,Grocery,Medium,1230,3.3
10253,20.4,203,Truck,Yes,Appliances,Medium,1330,2.2
10254,39.4,336,Pickup,Yes,Construction Material,Low,970,2.7
10255,32.5,68,Pickup,No,Appliances,High,740,2.2
10256,40.1,1460,Mini Truck,No,Construction Material,Medium,1260,2.3
10257,9.1,186,Truck,Yes,Furniture,High,1080,1.9
10258,2.0,706,Mini Truck,No,Furniture,Medium,480,0.8
10259,27.0,221,Mini Truck,No,Clothing,Low,870,1.2
10260,17.1,170,E-Rickshaw Loader,No,Construction Material,Low,330,1.2
10261,2.2,934,Mini Truck,No,Furniture,High,530,0.8
10262,49.9,452,Truck,No,Construction Material,Low,1920,2.2
10263,41.8,681,Pickup,No,Clothing,Low,950,2.5
10264,28.6,678,Mini Truck,No,Clothing,Low,790,1.6
10265,11.2,138,Truck,No,Electronics,Medium,910,1.2
10266,4.0,519,Mini Truck,No,Electronics,High,560,0.7
10267,2.1,403,Mini Truck,No,Appliances,High,370,0.6
10268,14.5,174,Mini Truck,Yes,Appliances,Medium,950,2.1
10269,35.9,639,Pickup,Yes,Electronics,High,1110,2.8
10270,17.3,112,Pickup,No,Appliances,Low,420,1.4
10271,31.6,612,Truck,Yes,Furniture,High,1710,2.7
10272,32.7,524,Truck,Yes,Electronics,Medium,1760,3.0
10273,35.5,341,Truck,No,Electronics,Medium,1620,2.0
10274,3.3,194,Truck,No,Furniture,Low,680,1.2
10275,12.1,514,Mini Truck,Yes,Appliances,Low,900,2.1
10276,31.2,48,Mini Truck,Yes,Construction Material,Medium,1210,3.0
10277,57.0,164,Mini Truck,No,Electronics,Low,1480,2.7
10278,47.0,312,Mini Truck,Yes,Appliances,Medium,1570,3.6
10279,27.6,341,Mini Truck,No,Clothing,Low,850,1.8
10280,50.3,168,Mini Truck,No,Furniture,Low,1330,1.9
10281,27.5,171,Truck,No,Construction Material,High,1510,1.8
10282,5.4,462,Pickup,No,Clothing,High,320,0.6
10283,35.1,141,Pickup,No,Clothing,High,770,2.2
10284,48.1,237,E-Rickshaw Loader,Yes,Clothing,Medium,790,3.4
10285,68.5,112,Mini Truck,No,Furniture,Medium,1730,3.6
10286,14.2,283,E-Rickshaw Loader,No,Electronics,High,260,1.6
10287,8.3,268,Mini Truck,No,Appliances,Medium,510,1.1
10288,39.4,43,Mini Truck,No,Appliances,Medium,1240,2.6
10289,30.0,92,Pickup,Yes,Electronics,Low,830,2.2
10290,28.1,736,Mini Truck,No,Furniture,Low,930,1.5
10291,50.7,180,E-Rickshaw Loader,No,Appliances,High,730,3.1
10292,39.3,243,E-Rickshaw Loader,No,Grocery,Medium,550,2.1
10293,31.9,133,Truck,No,Electronics,Medium,1210,1.7
10294,15.7,750,Pickup,No,Grocery,Low,480,1.3
10295,37.2,63,Pickup,No,Grocery,Low,840,1.8
10296,8.0,687,Mini Truck,No,Grocery,Medium,620,1.1
10297,27.4,341,Mini Truck,No,Construction Material,Medium,750,1.4
10298,21.8,505,Pickup,Yes,Furniture,Medium,770,2.5
10299,5.1,743,Mini Truck,No,Appliances,Medium,490,0.9
10300,30.0,212,E-Rickshaw Loader,No,Appliances,Medium,440,1.9
10301,14.2,222,E-Rickshaw Loader,Yes,Appliances,High,470,2.2
10302,29.5,735,Mini Truck,Yes,Appliances,High,1230,2.9
10303,10.1,494,Mini Truck,No,Construction Material,Low,560,0.9
10304,39.6,658,Mini Truck,Yes,Electronics,Medium,1350,3.0
10305,62.7,316,Mini Truck,Yes,Furniture,Medium,1590,4.1
10306,8.0,147,Truck,No,Furniture,Medium,860,1.1
10307,10.1,1327,Mini Truck,No,Electronics,Medium,600,0.9
10308,6.7,333,Pickup,No,Grocery,Low,360,1.2
10309,19.1,392,Mini Truck,No,Appliances,Medium,780,1.3
10310,29.2,96,Pickup,No,Grocery,Medium,740,1.7
10311,35.7,774,Mini Truck,Yes,Construction Material,High,1390,3.1
10312,27.0,170,E-Rickshaw Loader,Yes,Clothing,Low,630,2.2
10313,35.0,194,E-Rickshaw Loader,No,Electronics,Low,450,2.0
10314,21.3,506,Truck,No,Appliances,Medium,1310,1.5
10315,14.1,176,Truck,No,Construction Material,Medium,980,1.4
10316,10.3,760,Mini Truck,Yes,Electronics,Medium,900,1.8
10317,19.6,415,Pickup,Yes,Appliances,High,800,2.4
10318,10.5,47,Pickup,No,Construction Material,Medium,380,0.9
10319,28.6,660,Pickup,Yes,Grocery,Medium,960,2.8
10320,10.7,294,Pickup,No,Construction Material,High,390,1.1
10321,15.3,192,Mini Truck,Yes,Clothing,Medium,890,2.1
10322,45.0,70,Mini Truck,No,Furniture,Medium,1040,2.8
10323,47.9,237,Mini Truck,No,Appliances,Medium,1100,2.6
10324,46.9,216,Pickup,No,Appliances,Medium,870,2.6
10325,21.5,709,Truck,Yes,Construction Material,Medium,1600,2.2
10326,14.5,203,Mini Truck,No,Clothing,Low,650,1.2
10327,31.7,86,Mini Truck,Yes,Appliances,Medium,1070,2.9
10328,10.9,465,Mini Truck,No,Grocery,Low,560,1.2
10329,36.9,733,Pickup,No,Appliances,High,820,2.6
10330,13.5,250,Pickup,No,Clothing,Low,450,1.4
10331,19.0,590,Pickup,Yes,Grocery,Low,880,2.1
10332,37.5,654,Mini Truck,Yes,Construction Material,Medium,1540,3.3
10333,3.8,200,E-Rickshaw Loader,Yes,Construction Material,Medium,380,1.8
10334,14.0,274,E-Rickshaw Loader,Yes,Furniture,Medium,590,1.8
10335,29.0,285,E-Rickshaw Loader,Yes,Clothing,Medium,670,2.8
10336,33.4,195,E-Rickshaw Loader,Yes,Construction Material,High,710,2.6
10337,29.8,921,Truck,No,Clothing,Medium,1540,2.2
10338,18.8,822,Mini Truck,Yes,Furniture,Medium,1130,2.2
10339,40.0,934,Mini Truck,Yes,Construction Material,High,1620,3.2
10340,10.0,167,E-Rickshaw Loader,No,Clothing,Low,220,0.5
10341,9.6,253,Mini Truck,Yes,Appliances,High,760,1.8
10342,28.8,550,Mini Truck,No,Appliances,Medium,1000,2.1
10343,9.0,225,Pickup,No,Appliances,High,350,1.1
10344,64.1,320,Mini Truck,Yes,Electronics,Low,1520,3.6
10345,14.3,53,Pickup,No,Appliances,High,390,1.3
10346,39.5,394,Mini Truck,No,Furniture,Medium,1090,2.6
10347,7.7,493,Mini Truck,Yes,Electronics,Medium,890,1.9
10348,55.6,254,E-Rickshaw Loader,No,Furniture,Medium,650,2.9
10349,22.6,564,Pickup,No,Appliances,High,550,2.0
10350,14.0,631,Mini Truck,Yes,Furniture,Medium,890,2.2
10351,17.8,1029,Mini Truck,No,Furniture,Medium,720,1.1
10352,12.2,167,Truck,No,Electronics,Medium,850,1.0
10353,19.0,142,Mini Truck,No,Construction Material,Low,610,1.6
10354,8.1,374,Pickup,No,Appliances,Low,360,1.1
10355,14.3,127,E-Rickshaw Loader,No,Grocery,Medium,320,1.6
10356,39.0,413,Mini Truck,Yes,Construction Material,Low,1370,2.9
10357,26.0,132,E-Rickshaw Loader,No,Furniture,High,440,1.7
10358,9.8,157,Mini Truck,No,Electronics,Medium,520,1.0
10359,19.5,71,Truck,Yes,Furniture,Medium,1210,2.4
10360,48.2,389,Mini Truck,Yes,Grocery,Low,1540,3.1
10361,15.7,101,Pickup,No,Construction Material,Medium,460,1.3
10362,9.0,471,Mini Truck,No,Electronics,High,560,1.6
10363,32.6,527,Mini Truck,Yes,Appliances,Medium,1380,2.7
10364,2.3,183,Mini Truck,Yes,Appliances,Medium,580,1.6
10365,18.2,578,Truck,Yes,Furniture,Low,1270,2.1
10366,50.9,534,Pickup,No,Furniture,Medium,1070,3.0
10367,19.0,678,Truck,No,Clothing,Medium,1200,1.5
10368,41.6,170,Truck,No,Electronics,Low,1540,2.1
10369,8.8,164,Pickup,Yes,Grocery,Medium,570,2.3
10370,18.5,194,E-Rickshaw Loader,Yes,Grocery,High,470,2.3
10371,17.2,279,E-Rickshaw Loader,No,Appliances,Low,340,1.4
10372,31.4,282,E-Rickshaw Loader,No,Construction Material,Medium,460,1.6
10373,23.5,252,E-Rickshaw Loader,Yes,Furniture,High,590,2.6
10374,55.3,605,Mini Truck,No,Furniture,High,1290,3.3
10375,15.0,168,E-Rickshaw Loader,No,Electronics,Low,320,1.1
10376,23.3,493,Pickup,Yes,Electronics,Medium,860,2.0
10377,17.7,642,Truck,No,Grocery,High,1180,1.4
10378,22.1,284,E-Rickshaw Loader,No,Appliances,Low,380,1.2
10379,20.7,124,Truck,No,Electronics,Medium,1220,1.7
10380,10.8,202,Pickup,No,Grocery,Medium,340,0.8
10381,37.6,182,E-Rickshaw Loader,No,Electronics,Medium,530,2.3
10382,13.1,20,Mini Truck,Yes,Furniture,Medium,830,2.1
10383,12.4,494,Mini Truck,No,Appliances,High,540,1.1
10384,5.4,255,Truck,Yes,Furniture,Low,980,1.4
10385,14.7,287,Mini Truck,No,Electronics,Medium,670,1.1
10386,13.0,212,Truck,No,Furniture,Medium,920,1.0
10387,2.9,321,Pickup,Yes,Grocery,Low,550,1.3
10388,18.9,691,Pickup,No,Appliances,Low,600,1.2
10389,53.8,70,Mini Truck,Yes,Furniture,High,1450,4.2
10390,6.4,994,Truck,No,Grocery,Medium,840,0.6
10391,21.8,386,Truck,No,Furniture,Medium,1090,1.5
10392,18.6,224,Pickup,No,Clothing,Medium,520,1.3
10393,34.3,246,Pickup,Yes,Construction Material,Low,960,2.6
10394,36.0,155,Mini Truck,No,Clothing,Medium,1010,2.6
10395,79.6,47,Pickup,Yes,Grocery,Low,1580,3.9
10396,26.7,133,Truck,No,Appliances,Medium,1200,1.7
10397,11.7,322,Truck,No,Grocery,Low,830,1.1
10398,14.3,269,Mini Truck,No,Grocery,High,650,1.2
10399,15.5,451,Mini Truck,No,Clothing,Medium,660,1.3
10400,13.4,214,Mini Truck,No,Construction Material,Medium,570,0.8
10401,62.3,191,E-Rickshaw Loader,Yes,Electronics,Medium,950,3.9
10402,34.9,1219,Truck,No,Electronics,Low,1700,1.2
10403,31.2,158,Mini Truck,No,Furniture,High,980,2.1
10404,9.2,167,Truck,Yes,Grocery,Low,1100,1.4
10405,35.8,634,Pickup,No,Construction Material,Medium,800,2.2
10406,45.9,533,Truck,No,Furniture,Low,1710,2.6
10407,18.8,237,Pickup,No,Construction Material,High,560,1.6
10408,14.2,215,E-Rickshaw Loader,No,Appliances,Medium,280,1.2
10409,56.2,352,Truck,No,Electronics,Low,2080,2.5
10410,12.8,216,E-Rickshaw Loader,No,Electronics,Medium,260,1.1
10411,11.7,509,Pickup,No,Appliances,High,430,1.1
10412,10.2,327,Truck,Yes,Clothing,Medium,900,1.8
10413,21.1,50,Truck,Yes,Furniture,Medium,1260,2.4
10414,26.6,509,Mini Truck,Yes,Grocery,Low,1000,2.2
10415,41.9,292,Mini Truck,No,Construction Material,Low,1150,2.4
10416,32.2,840,Mini Truck,No,Construction Material,Low,970,1.7
10417,31.8,581,Pickup,No,Construction Material,Medium,720,1.9
10418,50.4,372,Pickup,No,Construction Material,Medium,1140,3.0
10419,9.7,242,Mini Truck,No,Clothing,High,510,0.6
10420,6.1,320,Mini Truck,No,Electronics,Medium,500,0.5
10421,33.3,151,Mini Truck,No,Clothing,Low,980,1.9
10422,20.4,372,Mini Truck,Yes,Appliances,Medium,910,2.3
10423,42.0,188,E-Rickshaw Loader,No,Grocery,Medium,620,2.7
10424,21.8,1074,Mini Truck,Yes,Clothing,Medium,1290,2.0
10425,13.8,210,E-Rickshaw Loader,Yes,Electronics,Medium,530,2.1
10426,33.6,357,Mini Truck,No,Electronics,Low,920,1.7
10427,23.8,86,Mini Truck,No,Appliances,Low,750,1.7
10428,21.8,305,Truck,No,Furniture,Medium,1010,1.0
10429,88.8,608,Pickup,Yes,Electronics,Low,1800,4.5
10430,48.0,280,E-Rickshaw Loader,No,Grocery,Medium,650,2.8
10431,36.5,284,Pickup,No,Grocery,Medium,820,1.9
10432,24.3,267,Mini Truck,No,Construction Material,High,910,1.8
10433,22.8,426,Mini Truck,No,Electronics,High,730,1.8
10434,17.8,191,E-Rickshaw Loader,Yes,Furniture,High,530,2.4
10435,26.0,259,E-Rickshaw Loader,No,Grocery,High,410,1.6
10436,15.3,293,Mini Truck,No,Construction Material,High,650,1.2
10437,8.0,275,E-Rickshaw Loader,No,Construction Material,Medium,260,1.1
10438,21.6,134,Truck,Yes,Construction Material,High,1360,2.7
10439,27.5,255,Mini Truck,Yes,Construction Material,Medium,1120,2.6
10440,42.1,266,E-Rickshaw Loader,Yes,Electronics,High,830,3.4
10441,11.8,263,E-Rickshaw Loader,Yes,Clothing,Low,490,1.8
10442,23.0,327,Truck,Yes,Furniture,Medium,1350,2.6
10443,32.0,311,Pickup,No,Electronics,High,810,2.3
10444,31.6,142,Pickup,No,Clothing,Medium,690,1.6
10445,60.3,327,Truck,No,Electronics,Low,2220,2.5
10446,18.0,500,Truck,No,Grocery,Medium,1120,1.4
10447,11.0,373,Truck,No,Electronics,Medium,780,0.6
10448,24.0,132,Mini Truck,No,Grocery,Medium,740,1.8
10449,18.8,347,Pickup,No,Grocery,Medium,530,1.2
10450,16.4,280,E-Rickshaw Loader,Yes,Appliances,Low,500,1.7
10451,14.7,247,Mini Truck,No,Grocery,High,660,1.8
10452,27.6,376,Mini Truck,No,Construction Material,Medium,830,1.6
10453,13.2,196,Mini Truck,Yes,Appliances,Low,810,1.9
10454,36.4,515,Truck,No,Construction Material,High,1370,2.6
10455,35.3,184,E-Rickshaw Loader,Yes,Construction Material,Medium,750,3.3
10456,29.3,546,Mini Truck,No,Construction Material,Medium,960,1.7
10457,9.7,171,E-Rickshaw Loader,Yes,Grocery,High,450,1.9
10458,26.7,496,Mini Truck,Yes,Clothing,High,1110,2.7
10459,43.9,244,E-Rickshaw Loader,No,Furniture,Medium,580,3.0
10460,38.2,259,E-Rickshaw Loader,Yes,Appliances,Low,840,2.3
10461,34.7,300,E-Rickshaw Loader,No,Construction Material,Low,570,1.8
10462,22.7,305,Mini Truck,No,Appliances,High,790,1.7
10463,22.0,114,Mini Truck,Yes,Furniture,High,910,2.5
10464,48.5,289,Mini Truck,Yes,Appliances,Medium,1290,3.1
10465,27.3,150,Truck,No,Furniture,Medium,1320,1.3
10466,27.5,271,Pickup,No,Clothing,Medium,620,1.4
10467,104.7,211,Pickup,Yes,Grocery,High,1900,6.9
10468,17.8,141,Truck,No,Clothing,Medium,1130,1.3
10469,2.6,764,Pickup,Yes,Construction Material,Medium,560,1.1
10470,19.7,322,Truck,Yes,Furniture,Medium,1520,2.6
10471,20.6,216,E-Rickshaw Loader,No,Grocery,Low,330,1.8
10472,27.0,74,Truck,No,Electronics,Low,1100,1.6
10473,31.4,178,E-Rickshaw Loader,No,Construction Material,Medium,450,2.0
10474,3.2,382,Truck,Yes,Clothing,Medium,970,1.6
10475,31.8,1127,Mini Truck,Yes,Furniture,High,1360,2.8
10476,21.5,183,Truck,No,Grocery,Medium,1170,1.0
10477,18.4,229,E-Rickshaw Loader,No,Construction Material,Low,330,1.0
10478,5.1,289,Mini Truck,Yes,Electronics,Medium,660,1.6
10479,54.9,157,Truck,No,Appliances,Low,1820,2.7
10480,16.2,236,Mini Truck,Yes,Construction Material,Low,880,1.9
10481,35.0,351,Mini Truck,No,Electronics,Medium,1090,2.1
10482,11.6,217,Mini Truck,Yes,Furniture,High,790,2.0
10483,27.8,118,Mini Truck,Yes,Construction Material,High,1000,2.8
10484,18.6,152,Mini Truck,No,Grocery,Medium,710,1.2
10485,34.3,466,Mini Truck,Yes,Electronics,Medium,1380,2.9
10486,18.1,136,Truck,No,Furniture,High,1050,1.2
10487,11.2,194,E-Rickshaw Loader,No,Construction Material,Medium,230,1.1
10488,22.2,140,Pickup,No,Construction Material,Medium,560,1.2
10489,21.4,389,Truck,Yes,Furniture,Medium,1460,2.0
10490,26.6,1491,Truck,Yes,Construction Material,Low,1880,2.2
10491,41.2,453,Mini Truck,Yes,Appliances,Medium,1440,3.2
10492,9.2,176,Mini Truck,Yes,Appliances,High,740,1.9
10493,39.9,388,Pickup,No,Appliances,Medium,790,2.1
10494,8.0,185,Pickup,No,Clothing,Low,330,0.5
10495,33.5,363,Mini Truck,No,Electronics,Medium,970,2.3
10496,34.2,715,Pickup,Yes,Furniture,Medium,1100,2.9
10497,15.6,309,Mini Truck,Yes,Grocery,High,840,2.1
10498,12.1,234,E-Rickshaw Loader,No,Construction Material,Low,260,1.1
10499,11.6,319,Truck,Yes,Appliances,Medium,1070,1.7
10500,23.7,596,Truck,No,Electronics,Medium,1390,1.9
10501,35.6,506,Mini Truck,No,Grocery,High,1030,2.5
10502,20.2,245,Mini Truck,No,Construction Material,Medium,770,1.4
10503,2.3,506,Pickup,Yes,Grocery,High,600,1.5
10504,14.8,365,Truck,No,Grocery,Low,940,1.1
10505,14.4,230,Mini Truck,Yes,Electronics,Low,880,2.2
10506,31.2,233,Pickup,No,Appliances,Medium,690,2.0
10507,32.3,357,Truck,No,Grocery,Medium,1590,2.1
10508,24.9,404,Truck,No,Construction Material,Medium,1190,1.7
10509,39.9,284,Truck,Yes,Electronics,Low,1870,2.8
10510,41.8,411,Mini Truck,No,Grocery,Medium,1190,2.8
10511,15.5,172,Mini Truck,Yes,Electronics,Medium,810,2.0
10512,11.4,131,Pickup,No,Electronics,Medium,390,1.1
10513,21.2,85,Truck,No,Electronics,Low,1130,1.9
10514,24.9,461,Truck,Yes,Furniture,High,1620,3.0
10515,14.9,78,E-Rickshaw Loader,No,Construction Material,Medium,330,1.3
10516,120.2,209,E-Rickshaw Loader,Yes,Grocery,Low,1790,5.3
10517,52.9,219,Pickup,No,Appliances,Medium,1110,3.4
10518,13.8,251,Truck,Yes,Furniture,Medium,830,1.9
10519,9.5,254,Truck,Yes,Furniture,Medium,1080,1.8
10520,13.0,440,Pickup,Yes,Appliances,Medium,690,2.2
10521,42.3,199,Mini Truck,No,Furniture,High,1190,2.7
10522,43.0,148,Pickup,Yes,Furniture,High,950,3.6
10523,53.3,995,Truck,No,Furniture,Low,2140,2.5
10524,11.1,94,Truck,No,Appliances,Low,760,0.9
10525,31.1,116,Truck,No,Clothing,Low,1490,1.8
10526,12.0,570,Mini Truck,No,Grocery,Medium,550,0.9
10527,60.5,417,Pickup,Yes,Construction Material,Low,1490,3.3
10528,11.4,232,Pickup,Yes,Grocery,High,670,2.1
10529,7.8,134,E-Rickshaw Loader,No,Appliances,Medium,210,1.2
10530,9.1,44,Truck,Yes,Furniture,Medium,1050,1.6
10531,22.2,855,Truck,No,Clothing,Medium,1240,1.4
10532,35.3,507,Truck,Yes,Furniture,High,1590,3.2
10533,33.8,794,Truck,Yes,Grocery,Low,1870,2.6
10534,9.4,642,Mini Truck,Yes,Electronics,Medium,910,1.3
10535,16.8,432,Mini Truck,No,Clothing,Medium,680,1.2
10536,15.2,194,Truck,Yes,Construction Material,Medium,1260,2.5
10537,8.3,134,Truck,No,Construction Material,Medium,770,1.3
10538,14.9,684,Pickup,Yes,Clothing,Low,820,2.4
10539,51.9,219,Mini Truck,No,Construction Material,Medium,1310,2.9
10540,7.3,141,Pickup,Yes,Clothing,High,540,1.6
10541,26.0,183,Truck,No,Electronics,Low,1310,1.6
10542,52.7,712,Mini Truck,Yes,Grocery,Medium,1810,3.8
10543,51.0,153,Pickup,No,Furniture,Low,1010,2.3
10544,62.2,233,Mini Truck,Yes,Grocery,Medium,1570,3.6
10545,27.8,289,Mini Truck,Yes,Clothing,Medium,1040,2.8
10546,30.6,372,Pickup,Yes,Clothing,Medium,920,2.6
10547,15.1,143,E-Rickshaw Loader,Yes,Clothing,Medium,510,2.2
10548,7.2,282,Mini Truck,No,Electronics,Low,470,0.5
10549,20.1,577,Mini Truck,Yes,Construction Material,Medium,1040,2.1
10550,45.6,1128,Mini Truck,No,Grocery,Medium,1360,2.6
10551,2.3,122,Mini Truck,Yes,Appliances,Low,580,1.6
10552,15.7,140,Truck,Yes,Grocery,Medium,1370,2.2
10553,32.5,158,Mini Truck,No,Construction Material,Low,900,1.7
10554,22.5,484,Mini Truck,Yes,Clothing,High,1060,2.6
10555,49.2,130,Truck,Yes,Appliances,Low,1740,3.3
10556,42.7,275,Pickup,No,Grocery,Medium,850,2.5
10557,6.4,254,Pickup,No,Grocery,Low,330,1.0
10558,23.8,203,E-Rickshaw Loader,No,Grocery,Medium,380,1.3
10559,12.5,197,Mini Truck,Yes,Electronics,Medium,760,2.4
10560,12.3,188,Mini Truck,No,Construction Material,Medium,570,1.1
10561,6.9,484,Mini Truck,No,Appliances,Medium,550,0.9
10562,26.6,387,Pickup,No,Furniture,Low,560,1.5
10563,49.9,178,Pickup,No,Construction Material,Low,840,2.4
10564,28.2,283,E-Rickshaw Loader,Yes,Appliances,High,640,2.4
10565,6.5,91,Pickup,No,Furniture,Medium,320,0.8
10566,21.6,296,Mini Truck,Yes,Grocery,Medium,930,1.8
10567,31.7,241,Pickup,No,Appliances,High,710,2.1
10568,20.4,277,Mini Truck,No,Appliances,Low,780,1.4
10569,27.9,176,Truck,No,Grocery,Medium,1410,1.9
10570,13.3,282,Pickup,Yes,Furniture,Low,720,1.9
10571,18.8,357,Mini Truck,No,Furniture,Low,660,1.3
10572,17.9,26,Mini Truck,No,Construction Material,Low,640,0.8
10573,55.7,212,Pickup,No,Furniture,High,980,3.4
10574,9.6,159,Mini Truck,No,Furniture,Medium,580,1.3
10575,2.7,952,Truck,Yes,Clothing,Low,1010,1.6
10576,53.5,422,Truck,Yes,Clothing,Low,2260,3.1
10577,24.4,152,Pickup,No,Appliances,Low,530,1.5
10578,7.9,204,Truck,No,Furniture,High,780,1.3
10579,40.3,248,Mini Truck,Yes,Electronics,Medium,1230,3.2
10580,33.0,200,Pickup,No,Appliances,High,750,2.4
10581,61.3,445,Mini Truck,No,Clothing,High,1370,3.5
10582,25.7,847,Truck,No,Clothing,High,1490,1.8
10583,89.0,20,Mini Truck,No,Appliances,Low,1980,3.8
10584,20.6,237,Pickup,No,Appliances,Low,510,1.8
10585,33.0,1125,Mini Truck,No,Construction Material,Medium,1080,1.8
10586,36.2,244,Pickup,No,Electronics,Medium,730,2.2
10587,122.0,220,E-Rickshaw Loader,No,Construction Material,Medium,1320,5.9
10588,16.1,35,Pickup,Yes,Construction Material,Low,670,2.2
10589,15.8,740,Pickup,Yes,Electronics,High,870,2.1
10590,36.7,120,Pickup,Yes,Clothing,Low,980,2.6
10591,7.3,415,Pickup,Yes,Furniture,Low,550,2.1
10592,12.4,141,Mini Truck,No,Clothing,Medium,550,1.1
10593,20.2,20,Pickup,No,Furniture,Low,570,1.2
10594,60.2,388,Pickup,Yes,Grocery,Low,1430,3.8
10595,36.7,515,Truck,No,Appliances,Low,1450,1.9
10596,23.7,290,Mini Truck,No,Furniture,Low,770,1.1
10597,15.0,107,Mini Truck,No,Grocery,Low,640,1.4
10598,75.3,665,Pickup,No,Furniture,Low,1360,3.2
10599,21.5,501,Pickup,Yes,Appliances,Medium,940,2.2
10600,12.4,171,E-Rickshaw Loader,Yes,Appliances,Medium,440,2.6
10601,84.3,661,Pickup,Yes,Appliances,Medium,1840,4.9
10602,7.6,200,Pickup,Yes,Appliances,Medium,570,1.7
10603,50.8,459,Pickup,No,Clothing,Low,890,2.6
10604,22.6,248,E-Rickshaw Loader,Yes,Electronics,Low,490,2.0
10605,36.6,619,Pickup,No,Electronics,High,790,2.6
10606,32.4,233,Mini Truck,Yes,Grocery,Medium,1200,3.0
10607,36.3,117,Pickup,No,Construction Material,Low,840,2.2
10608,89.1,350,Pickup,Yes,Clothing,High,1670,6.0
10609,80.7,207,Mini Truck,Yes,Electronics,Medium,2100,4.5
10610,12.9,1093,Mini Truck,No,Furniture,Low,680,1.2
10611,31.6,88,E-Rickshaw Loader,No,Grocery,High,520,1.8
10612,4.5,783,Mini Truck,No,Furniture,Medium,510,1.1
10613,38.9,62,Mini Truck,No,Clothing,High,1020,2.8
10614,44.9,140,E-Rickshaw Loader,No,Construction Material,Low,610,2.3
10615,2.7,60,Truck,Yes,Clothing,Low,870,1.5
10616,22.0,200,Truck,No,Furniture,Medium,1280,1.5
10617,36.6,259,E-Rickshaw Loader,No,Appliances,Low,530,1.9
10618,28.7,180,Pickup,Yes,Furniture,Low,880,2.7
10619,7.8,415,Truck,No,Electronics,Medium,740,0.9
10620,8.6,261,Mini Truck,No,Construction Material,Low,490,1.5
10621,20.2,36,Pickup,Yes,Furniture,High,680,2.5
10622,16.1,133,Pickup,Yes,Furniture,Medium,670,2.4
10623,17.3,231,Pickup,No,Furniture,High,470,1.1
10624,6.8,642,Mini Truck,No,Construction Material,Medium,550,0.7
10625,22.9,333,Mini Truck,No,Appliances,Medium,770,1.8
10626,60.4,209,Pickup,No,Construction Material,Medium,1250,3.2
10627,8.1,78,Mini Truck,No,Construction Material,Medium,500,0.9
10628,19.0,344,Mini Truck,Yes,Grocery,Medium,980,2.5
10629,34.0,243,E-Rickshaw Loader,Yes,Furniture,Low,700,3.1
10630,5.4,239,Pickup,No,Furniture,Low,320,0.5
10631,23.1,145,Mini Truck,No,Appliances,Low,810,1.7
10632,44.1,460,Truck,No,Furniture,Medium,1770,2.3
10633,9.7,660,Mini Truck,No,Appliances,Medium,570,1.2
10634,24.7,266,Mini Truck,Yes,Furniture,Low,1060,2.2
10635,42.0,274,E-Rickshaw Loader,Yes,Construction Material,Low,790,3.0
10636,86.2,218,Mini Truck,No,Appliances,High,2000,5.1
10637,23.8,516,Mini Truck,No,Grocery,Medium,900,1.4
10638,12.6,771,Pickup,Yes,Clothing,High,800,1.9
10639,3.8,570,Pickup,No,Grocery,High,310,0.7
10640,12.7,447,Pickup,No,Electronics,Low,350,0.6
10641,6.5,165,E-Rickshaw Loader,No,Electronics,High,240,1.0
10642,63.6,249,Pickup,No,Appliances,Low,1210,3.2
10643,40.4,447,Pickup,No,Electronics,High,870,2.3
10644,8.6,255,Pickup,Yes,Electronics,Medium,550,1.9
10645,12.0,244,E-Rickshaw Loader,No,Appliances,Medium,230,1.2
10646,23.5,502,Truck,No,Electronics,Medium,1060,1.4
10647,43.9,595,Mini Truck,Yes,Grocery,High,1420,4.1
10648,31.7,316,Mini Truck,No,Appliances,Medium,960,2.2
10649,29.6,50,Mini Truck,No,Grocery,Medium,990,2.2
10650,25.9,260,Mini Truck,No,Grocery,Low,860,1.5
10651,9.0,191,E-Rickshaw Loader,No,Appliances,Medium,240,0.6
10652,23.8,386,Mini Truck,Yes,Electronics,Low,1000,2.3
10653,21.8,428,Mini Truck,No,Electronics,Medium,760,1.5
10654,6.4,524,Mini Truck,Yes,Grocery,Medium,680,1.9
10655,62.6,117,Mini Truck,Yes,Clothing,Medium,1540,3.9
10656,14.1,543,Pickup,No,Furniture,Medium,440,1.5
10657,6.5,687,Pickup,No,Grocery,Medium,370,0.7
10658,16.0,231,Pickup,No,Grocery,High,420,1.6
10659,18.4,604,Mini Truck,No,Electronics,Low,700,1.1
10660,21.3,330,Mini Truck,No,Construction Material,High,760,1.7
10661,18.2,420,Pickup,No,Electronics,High,440,1.2
10662,22.2,564,Truck,Yes,Construction Material,High,1610,2.5
10663,24.9,384,Mini Truck,No,Grocery,High,940,1.6
10664,24.0,220,Pickup,No,Electronics,Medium,630,1.8
10665,29.5,283,E-Rickshaw Loader,No,Electronics,Low,470,1.8
10666,30.7,145,Pickup,No,Furniture,Medium,700,1.9
10667,31.2,80,Pickup,Yes,Furniture,Medium,900,2.6
10668,36.6,666,Pickup,Yes,Construction Material,High,1080,3.3
10669,12.9,435,Pickup,No,Construction Material,Medium,460,1.4
10670,13.2,506,Pickup,Yes,Furniture,Medium,620,1.9
10671,44.0,369,Pickup,Yes,Construction Material,Medium,1130,3.1
10672,16.4,62,Truck,Yes,Appliances,Low,1250,1.7
10673,20.4,188,E-Rickshaw Loader,Yes,Furniture,Low,570,2.2
10674,19.1,220,Mini Truck,Yes,Grocery,Medium,1000,2.5
10675,84.3,257,Pickup,No,Clothing,Low,1620,4.0
10676,11.1,706,Truck,No,Furniture,Low,910,1.1
10677,11.0,143,E-Rickshaw Loader,No,Clothing,Medium,230,0.7
10678,22.2,240,Pickup,No,Appliances,Medium,620,1.4
10679,19.5,226,Truck,Yes,Furniture,Medium,1380,2.5
10680,8.5,139,Truck,Yes,Appliances,High,980,2.0
10681,20.9,335,Truck,Yes,Grocery,Low,1350,1.9
10682,22.7,156,Pickup,No,Furniture,Low,550,1.9
10683,15.1,790,Pickup,Yes,Grocery,Medium,810,1.8
10684,20.0,74,Mini Truck,Yes,Furniture,High,1000,2.3
10685,12.0,103,Truck,Yes,Construction Material,Medium,1030,2.0
10686,8.5,240,Mini Truck,Yes,Furniture,Low,750,1.7
10687,16.3,306,Mini Truck,No,Clothing,Medium,690,1.2
10688,9.7,178,Pickup,No,Grocery,High,330,1.1
10689,7.1,530,Mini Truck,Yes,Grocery,Low,910,1.9
10690,3.7,267,Pickup,No,Electronics,Low,300,1.2
10691,26.2,453,Pickup,No,Grocery,Medium,700,1.8
10692,15.9,752,Mini Truck,No,Electronics,Low,630,1.0
10693,44.2,925,Mini Truck,No,Clothing,Medium,1410,2.5
10694,16.9,244,Pickup,Yes,Electronics,Low,680,2.5
10695,26.1,216,E-Rickshaw Loader,Yes,Construction Material,Low,520,2.5
10696,13.5,383,Mini Truck,Yes,Electronics,Medium,770,2.3
10697,21.7,250,Pickup,No,Construction Material,Low,510,1.6
10698,3.7,131,Mini Truck,No,Construction Material,Low,410,1.0
10699,16.1,630,Pickup,Yes,Grocery,High,700,2.2
10700,11.2,131,Mini Truck,Yes,Construction Material,Low,800,2.2
10701,41.3,673,Mini Truck,Yes,Grocery,Medium,1440,2.4
10702,24.9,215,E-Rickshaw Loader,Yes,Appliances,High,630,2.8
10703,37.6,373,Pickup,No,Clothing,Low,830,2.1
10704,47.3,167,Pickup,No,Construction Material,Low,910,2.1
10705,15.1,44,E-Rickshaw Loader,Yes,Appliances,Medium,420,2.1
10706,24.2,619,Truck,Yes,Appliances,Medium,1360,2.6
10707,9.0,166,Pickup,Yes,Construction Material,Medium,510,1.3
10708,28.8,449,Truck,No,Furniture,High,1260,2.1
10709,31.7,466,Pickup,Yes,Construction Material,Low,1080,2.9
10710,27.5,310,Mini Truck,No,Grocery,Medium,780,2.2
10711,15.1,376,Mini Truck,No,Construction Material,High,730,1.5
10712,66.3,425,Mini Truck,No,Construction Material,Low,1470,2.9
10713,22.6,353,Mini Truck,Yes,Construction Material,Low,920,2.5
10714,9.0,151,Pickup,No,Construction Material,Medium,380,0.8
10715,33.8,75,Pickup,No,Construction Material,High,780,2.5
10716,42.1,179,Truck,No,Furniture,Low,1480,2.1
10717,9.2,228,Truck,Yes,Electronics,Medium,1050,2.1
10718,18.4,779,Truck,No,Construction Material,Low,1230,1.1
10719,6.4,107,Pickup,Yes,Grocery,Medium,550,2.1
10720,48.5,855,Mini Truck,No,Clothing,Low,1170,2.6
10721,20.8,1043,Truck,No,Furniture,Medium,1210,1.6
10722,11.2,184,Pickup,Yes,Electronics,Medium,530,1.9
10723,42.4,221,E-Rickshaw Loader,No,Construction Material,High,600,3.1
10724,22.2,276,Mini Truck,No,Grocery,High,790,2.3
10725,38.7,242,Mini Truck,No,Electronics,High,1110,2.5
10726,30.1,779,Truck,Yes,Grocery,Low,1590,2.4
10727,10.0,363,Pickup,No,Furniture,Low,380,1.3
10728,14.7,325,Mini Truck,No,Furniture,Medium,690,0.6
10729,11.5,177,Pickup,Yes,Furniture,Medium,650,1.3
10730,8.5,190,Pickup,No,Construction Material,Medium,400,0.8
10731,4.9,333,Pickup,No,Appliances,Low,360,0.9
10732,74.6,779,Truck,No,Electronics,Medium,2250,3.5
10733,27.2,108,Mini Truck,Yes,Furniture,Low,1130,2.1
10734,30.0,288,Mini Truck,No,Clothing,Medium,920,1.8
10735,45.5,88,Pickup,Yes,Appliances,Low,1130,3.4
10736,14.6,169,Truck,Yes,Furniture,High,1150,2.0
10737,6.9,496,Pickup,No,Grocery,Low,350,1.1
10738,36.5,142,Truck,Yes,Furniture,High,1690,3.3
10739,7.9,650,Mini Truck,No,Furniture,High,560,1.4
10740,35.9,141,Pickup,No,Construction Material,Medium,770,2.1
10741,5.9,195,Mini Truck,Yes,Appliances,High,730,1.8
10742,7.4,50,Pickup,No,Construction Material,Low,310,0.9
10743,13.4,651,Mini Truck,No,Appliances,Medium,600,1.1
10744,35.0,587,Mini Truck,No,Grocery,High,920,2.6
10745,60.8,91,Pickup,No,Appliances,Low,1090,3.0
10746,29.9,243,Truck,No,Electronics,Medium,1290,1.9
10747,13.9,227,Pickup,Yes,Furniture,Medium,640,1.5
10748,40.9,211,Mini Truck,Yes,Clothing,Medium,1310,2.8
10749,5.7,1048,Truck,No,Grocery,High,740,0.7
10750,10.5,209,Mini Truck,No,Electronics,Medium,540,1.1
10751,23.7,149,E-Rickshaw Loader,No,Construction Material,Low,390,1.5
10752,37.3,57,Truck,No,Electronics,High,1550,2.3
10753,19.2,155,Mini Truck,No,Construction Material,Low,690,1.1
10754,17.7,777,Pickup,No,Electronics,High,550,1.7
10755,18.4,360,Pickup,No,Clothing,High,510,1.4
10756,45.2,361,Mini Truck,No,Electronics,High,1120,2.3
10757,12.1,164,Mini Truck,Yes,Construction Material,Medium,720,2.0
10758,9.9,697,Mini Truck,No,Furniture,Medium,710,0.9
10759,18.2,454,Truck,Yes,Clothing,Medium,1390,2.4
10760,49.3,214,Mini Truck,Yes,Construction Material,Medium,1580,3.3
10761,13.3,130,Pickup,Yes,Electronics,Low,650,1.8
10762,18.4,288,Pickup,Yes,Electronics,Low,800,2.1
10763,5.6,139,Pickup,Yes,Electronics,Medium,530,1.1
10764,19.0,263,Mini Truck,Yes,Construction Material,Medium,790,2.1
10765,26.3,219,E-Rickshaw Loader,No,Construction Material,Medium,390,1.5
10766,7.9,170,Mini Truck,Yes,Electronics,Medium,720,1.6
10767,45.3,24,Mini Truck,Yes,Clothing,Medium,1370,3.2
10768,26.0,416,Truck,No,Appliances,Medium,1300,1.7
10769,14.9,174,Pickup,Yes,Furniture,Low,600,2.0
10770,26.2,334,Truck,No,Grocery,Medium,1240,1.9
10771,31.1,272,E-Rickshaw Loader,No,Construction Material,Low,480,1.8
10772,4.2,930,Truck,No,Construction Material,Medium,800,1.1
10773,26.9,307,Pickup,Yes,Furniture,Low,900,2.6
10774,48.2,583,Pickup,Yes,Electronics,Medium,1130,3.8
10775,12.0,223,Mini Truck,Yes,Furniture,Low,820,2.1
10776,15.2,142,Pickup,Yes,Construction Material,Low,630,1.8
10777,17.2,429,Pickup,No,Construction Material,Medium,500,1.3
10778,37.6,164,Mini Truck,Yes,Furniture,Low,1240,2.7
10779,9.2,512,Mini Truck,No,Electronics,Medium,500,1.3
10780,30.2,101,Mini Truck,Yes,Electronics,High,1110,2.9
10781,17.4,389,Mini Truck,No,Clothing,Medium,760,1.5
10782,62.6,301,Mini Truck,No,Electronics,Medium,1380,2.8
10783,18.2,748,Pickup,Yes,Construction Material,Medium,940,1.7
10784,2.2,419,Pickup,Yes,Clothing,Low,500,1.8
10785,34.0,275,Pickup,No,Appliances,Medium,770,2.2
10786,29.1,540,Truck,Yes,Construction Material,Medium,1480,2.9
10787,25.3,24,Mini Truck,No,Electronics,Low,930,1.1
10788,47.4,457,Pickup,No,Appliances,Low,880,2.4
10789,4.9,486,Mini Truck,Yes,Clothing,Medium,740,1.3
10790,10.6,526,Truck,No,Clothing,Medium,880,1.3
10791,21.7,500,Pickup,Yes,Furniture,High,820,2.5
10792,24.3,444,Mini Truck,No,Furniture,Medium,840,1.6
10793,19.4,231,Mini Truck,No,Clothing,Medium,710,1.7
10794,5.7,342,Mini Truck,No,Appliances,Medium,460,0.8
10795,15.3,183,E-Rickshaw Loader,No,Clothing,Medium,300,1.2
10796,59.9,151,Truck,No,Appliances,Low,2100,2.4
10797,8.8,239,Truck,Yes,Construction Material,Low,1080,2.1
10798,21.3,263,Mini Truck,Yes,Electronics,Medium,1000,2.3
10799,30.2,404,Mini Truck,Yes,Construction Material,Medium,1230,2.8
10800,36.8,729,Truck,Yes,Clothing,Medium,1930,2.6
10801,33.9,575,Mini Truck,No,Construction Material,Medium,1030,2.4
10802,14.5,380,Pickup,No,Appliances,Low,460,1.2
10803,10.6,669,Mini Truck,No,Grocery,Low,540,1.4
10804,62.9,310,Mini Truck,No,Furniture,High,1530,4.0
10805,39.2,448,Mini Truck,Yes,Appliances,Low,1440,2.2
10806,22.8,232,Mini Truck,No,Furniture,Low,740,1.6
10807,52.7,304,Truck,No,Clothing,Medium,1860,3.1
10808,6.9,249,Truck,No,Appliances,Medium,870,1.1
10809,2.3,68,Mini Truck,No,Electronics,Medium,440,0.8
10810,24.1,70,E-Rickshaw Loader,No,Appliances,Medium,360,1.6
10811,24.9,92,Truck,Yes,Electronics,High,1680,2.7
10812,6.3,382,Truck,No,Clothing,Low,820,1.2
10813,38.3,740,Pickup,Yes,Furniture,Medium,1190,3.4
10814,3.5,667,Truck,No,Construction Material,Medium,740,0.7
10815,27.9,452,Truck,Yes,Construction Material,Low,1610,2.2
10816,32.4,201,Mini Truck,Yes,Grocery,Medium,1190,3.1
10817,23.9,147,Mini Truck,Yes,Clothing,Medium,930,2.7
10818,5.5,334,Pickup,No,Appliances,Medium,370,0.9
10819,47.0,197,E-Rickshaw Loader,No,Clothing,High,630,2.7
10820,14.8,84,Pickup,Yes,Appliances,Medium,610,1.6
10821,14.9,128,Truck,No,Grocery,Medium,910,1.4
10822,12.7,231,E-Rickshaw Loader,No,Construction Material,High,290,1.1
10823,34.7,724,Pickup,No,Electronics,Medium,810,1.9
10824,14.3,60,Pickup,Yes,Appliances,Medium,580,2.1
10825,8.1,104,Mini Truck,No,Furniture,Medium,510,0.8
10826,41.3,246,Truck,Yes,Grocery,Medium,1930,3.0
10827,20.9,161,Pickup,No,Electronics,Medium,520,1.3
10828,42.2,415,Pickup,No,Grocery,Low,900,2.3
10829,22.1,252,Mini Truck,No,Appliances,High,770,1.5
10830,12.0,82,Mini Truck,No,Grocery,Medium,570,0.7
10831,4.1,200,Pickup,No,Appliances,Medium,280,0.5
10832,24.2,344,Mini Truck,No,Grocery,Low,830,1.8
10833,17.2,487,Pickup,No,Appliances,Medium,440,1.2
10834,35.7,103,Pickup,Yes,Construction Material,High,1030,3.3
10835,13.8,361,Mini Truck,Yes,Electronics,High,930,2.0
10836,28.5,235,Pickup,No,Grocery,Medium,610,1.8
10837,21.4,663,Truck,No,Grocery,Medium,1080,1.8
10838,11.1,202,Pickup,No,Electronics,Medium,430,1.1
10839,14.6,84,Mini Truck,No,Electronics,Low,610,1.5
10840,6.8,171,Mini Truck,No,Electronics,Medium,490,1.4
10841,65.7,46,E-Rickshaw Loader,Yes,Electronics,Medium,1000,4.6
10842,28.1,59,Mini Truck,Yes,Construction Material,High,950,2.7
10843,6.3,417,Pickup,Yes,Grocery,Medium,620,1.7
10844,63.6,384,Truck,No,Clothing,Medium,2300,3.7
10845,8.7,434,Pickup,Yes,Appliances,High,620,2.0
10846,13.6,185,Pickup,Yes,Grocery,Medium,540,2.3
10847,18.2,131,E-Rickshaw Loader,No,Grocery,Low,340,1.6
10848,21.8,1161,Truck,Yes,Furniture,Medium,1620,2.6
10849,35.0,330,Mini Truck,No,Grocery,Medium,1010,1.8
10850,3.2,118,Mini Truck,No,Clothing,Medium,450,0.7
10851,22.1,253,E-Rickshaw Loader,No,Electronics,Low,410,1.2
10852,17.5,714,Mini Truck,Yes,Electronics,Medium,1030,2.1
10853,24.5,467,Pickup,Yes,Grocery,High,770,2.7
10854,16.8,261,Truck,Yes,Clothing,Medium,1150,2.1
10855,15.2,149,Pickup,Yes,Construction Material,Low,620,1.8
10856,19.7,209,Pickup,No,Appliances,Medium,520,1.1
10857,61.4,183,E-Rickshaw Loader,No,Appliances,Medium,830,2.8
10858,15.4,165,Mini Truck,Yes,Furniture,Medium,860,2.5
10859,45.7,100,Mini Truck,Yes,Furniture,Medium,1360,3.6
10860,23.8,273,E-Rickshaw Loader,No,Grocery,Medium,410,1.7
10861,23.0,288,Mini Truck,Yes,Construction Material,High,950,1.8
10862,24.7,170,Mini Truck,No,Grocery,Medium,850,1.4
10863,30.2,184,Mini Truck,Yes,Furniture,Medium,1130,2.8
10864,16.3,35,Mini Truck,Yes,Furniture,High,860,2.4
10865,43.7,195,Pickup,Yes,Furniture,Low,1140,2.9
10866,30.2,608,Mini Truck,No,Appliances,Low,950,1.8
10867,7.3,133,Pickup,No,Appliances,High,290,0.9
10868,2.2,580,Pickup,No,Furniture,Low,300,1.0
10869,60.2,293,Truck,Yes,Electronics,Low,2480,3.5
10870,25.2,77,Truck,Yes,Furniture,Medium,1370,2.4
10871,6.5,353,Pickup,Yes,Appliances,Low,550,1.5
10872,15.4,132,Pickup,No,Appliances,Medium,460,1.4
10873,39.2,469,Mini Truck,No,Electronics,Medium,1190,2.4
10874,18.9,678,Pickup,No,Electronics,Medium,580,1.1
10875,20.2,193,E-Rickshaw Loader,No,Grocery,Low,390,1.4
10876,34.6,528,Pickup,Yes,Grocery,High,1050,3.2
10877,26.9,209,Mini Truck,Yes,Clothing,Low,1090,2.6
10878,31.7,136,Mini Truck,Yes,Grocery,Medium,1110,2.7
10879,34.3,298,E-Rickshaw Loader,No,Appliances,High,450,2.1
10880,12.3,145,Pickup,No,Furniture,Medium,420,1.0
10881,13.2,215,Pickup,No,Clothing,Low,430,1.5
10882,11.1,150,Mini Truck,Yes,Electronics,Low,800,1.7
10883,13.8,166,E-Rickshaw Loader,Yes,Grocery,High,490,2.3
10884,19.6,284,E-Rickshaw Loader,No,Clothing,Medium,360,1.1
10885,20.6,158,Mini Truck,No,Appliances,High,800,1.7
10886,51.6,461,Pickup,Yes,Clothing,Medium,1230,3.2
10887,26.0,675,Mini Truck,Yes,Clothing,Medium,1210,2.5
10888,19.9,190,Pickup,No,Clothing,Low,580,1.1
10889,9.2,114,E-Rickshaw Loader,Yes,Electronics,High,410,1.6
10890,17.1,585,Pickup,No,Clothing,Medium,510,1.1
10891,63.1,369,Mini Truck,Yes,Clothing,Medium,1650,4.0
10892,62.4,154,Truck,No,Construction Material,Medium,1970,2.8
10893,16.9,225,Truck,No,Construction Material,Low,1180,0.8
10894,4.7,392,Pickup,No,Clothing,Medium,400,0.8
10895,15.3,67,Mini Truck,No,Clothing,Medium,640,0.8
10896,52.0,683,Pickup,No,Electronics,Low,1020,2.1
10897,19.7,552,Pickup,Yes,Clothing,Low,910,2.6
10898,34.6,297,Truck,No,Clothing,Medium,1560,2.5
10899,21.4,293,E-Rickshaw Loader,Yes,Electronics,Medium,560,2.1
10900,6.0,238,E-Rickshaw Loader,No,Clothing,Low,200,0.9
10901,21.9,253,Pickup,No,Electronics,Low,600,1.2
10902,37.7,238,E-Rickshaw Loader,Yes,Furniture,High,770,3.1
10903,13.6,246,Pickup,Yes,Construction Material,Low,700,1.1
10904,37.0,440,Mini Truck,No,Appliances,Low,1110,2.3
10905,22.9,416,Mini Truck,No,Furniture,Medium,740,1.7
10906,35.7,46,Truck,Yes,Appliances,Low,1590,2.9
10907,27.2,396,Truck,No,Grocery,Medium,1240,1.9
10908,9.7,394,Pickup,No,Appliances,High,410,1.0
10909,17.2,248,Pickup,No,Appliances,Medium,490,1.2
10910,16.8,311,Pickup,No,Appliances,Medium,480,1.3
10911,13.1,57,Mini Truck,No,Clothing,High,580,1.6
10912,25.7,97,Pickup,Yes,Appliances,Low,830,2.3
10913,70.2,145,Mini Truck,No,Furniture,Medium,1610,4.0
10914,43.7,445,Pickup,No,Electronics,Medium,860,2.2
10915,47.5,698,Mini Truck,Yes,Electronics,Medium,1400,3.0
10916,12.5,424,Mini Truck,Yes,Clothing,Medium,790,1.7
10917,48.0,324,Pickup,No,Furniture,Medium,1020,2.6
10918,58.3,493,Truck,Yes,Electronics,Medium,2240,4.2
10919,12.2,20,Mini Truck,Yes,Appliances,Low,850,1.7
10920,29.3,659,Pickup,No,Clothing,Low,740,1.3
10921,29.8,267,Truck,No,Appliances,Medium,1290,1.9
10922,18.2,604,Mini Truck,Yes,Furniture,Low,950,2.4
10923,24.3,471,Truck,No,Grocery,Medium,1070,1.6
10924,30.8,154,Mini Truck,No,Electronics,Medium,890,1.9
10925,19.1,355,Mini Truck,Yes,Furniture,Medium,1080,2.2
10926,42.4,166,E-Rickshaw Loader,No,Electronics,Medium,650,2.3
10927,7.4,413,Pickup,Yes,Grocery,Medium,670,2.3
10928,16.7,941,Mini Truck,No,Furniture,High,780,1.8
10929,35.0,414,Mini Truck,No,Construction Material,High,1010,2.8
10930,65.6,148,Pickup,No,Grocery,Medium,1190,4.1
10931,44.1,553,Pickup,No,Furniture,Low,950,2.5
10932,24.0,140,Truck,Yes,Clothing,Medium,1410,2.3
10933,19.8,679,Truck,Yes,Clothing,Medium,1350,2.5
10934,17.5,118,Mini Truck,No,Appliances,High,670,2.0
10935,17.5,618,Pickup,Yes,Grocery,Medium,710,2.3
10936,4.1,194,Pickup,No,Appliances,Medium,310,0.7
10937,64.0,263,E-Rickshaw Loader,No,Appliances,Medium,770,3.6
10938,20.8,557,Truck,No,Construction Material,Medium,1220,1.2
10939,11.6,170,E-Rickshaw Loader,No,Grocery,Medium,240,1.1
10940,29.0,213,Mini Truck,Yes,Furniture,Low,1090,2.6
10941,12.3,362,Pickup,No,Clothing,Low,440,1.0
10942,39.8,267,Mini Truck,No,Construction Material,Medium,1080,2.4
10943,11.9,304,Mini Truck,No,Appliances,High,620,1.4
10944,36.1,68,Truck,Yes,Construction Material,Medium,1750,3.1
10945,17.3,483,Pickup,Yes,Appliances,Medium,730,2.1
10946,26.4,240,E-Rickshaw Loader,Yes,Appliances,Medium,600,2.4
10947,37.9,50,Pickup,No,Appliances,Medium,740,2.2
10948,14.4,224,Truck,No,Electronics,Low,930,0.8
10949,37.3,30,Truck,No,Furniture,Medium,1760,2.5
10950,4.3,310,Mini Truck,No,Clothing,Medium,440,0.9
10951,55.5,436,Mini Truck,Yes,Clothing,Medium,1750,3.8
10952,41.6,171,Mini Truck,No,Electronics,Low,1130,1.9
10953,20.3,160,Pickup,No,Clothing,Medium,520,1.5
10954,46.5,215,Truck,No,Construction Material,Low,1810,2.3
10955,43.4,160,Pickup,No,Furniture,Medium,880,2.3
10956,21.7,135,Pickup,No,Grocery,Medium,480,1.8
10957,21.5,42,Mini Truck,No,Appliances,Medium,740,1.2
10958,10.4,155,E-Rickshaw Loader,No,Grocery,Low,240,0.7
10959,22.5,70,Pickup,Yes,Clothing,High,720,2.8
10960,5.9,658,Mini Truck,No,Furniture,Medium,440,1.2
10961,35.8,231,E-Rickshaw Loader,Yes,Clothing,Medium,710,3.0
10962,36.3,418,Mini Truck,Yes,Appliances,Medium,1420,2.7
10963,4.3,636,Pickup,Yes,Grocery,Medium,630,1.9
10964,52.2,144,Pickup,No,Electronics,Medium,920,2.9
10965,13.4,433,Pickup,No,Construction Material,High,490,1.3
10966,107.9,425,Pickup,Yes,Appliances,High,1900,7.2
10967,25.5,366,Mini Truck,No,Furniture,Medium,860,1.9
10968,52.5,210,Pickup,No,Grocery,Medium,1020,2.7
10969,10.1,293,Mini Truck,No,Furniture,Low,550,0.6
10970,17.3,355,Mini Truck,Yes,Grocery,Low,990,1.9
10971,14.4,349,Mini Truck,Yes,Construction Material,Medium,910,2.1
10972,5.7,128,Truck,No,Appliances,High,710,1.0
10973,7.4,708,Mini Truck,No,Grocery,Medium,540,0.6
10974,19.8,311,Pickup,Yes,Construction Material,Medium,710,2.1
10975,28.3,182,E-Rickshaw Loader,No,Appliances,Low,420,0.9
10976,9.2,186,Pickup,No,Electronics,Medium,390,1.1
10977,16.5,413,Mini Truck,No,Construction Material,Medium,690,0.9
10978,12.3,185,E-Rickshaw Loader,Yes,Clothing,Medium,500,1.8
10979,20.7,140,Mini Truck,No,Electronics,Low,660,1.1
10980,34.0,296,Mini Truck,No,Furniture,Medium,1010,2.2
10981,23.4,231,Pickup,No,Grocery,High,620,1.9
10982,13.9,250,Mini Truck,Yes,Grocery,High,840,1.9
10983,42.5,183,E-Rickshaw Loader,Yes,Electronics,High,710,3.6
10984,27.7,271,E-Rickshaw Loader,No,Appliances,Medium,410,1.9
10985,23.9,546,Mini Truck,Yes,Grocery,High,1150,2.7
10986,9.3,442,Mini Truck,No,Appliances,High,540,0.5
10987,39.6,321,Mini Truck,No,Electronics,High,1040,3.2
10988,29.6,592,Mini Truck,Yes,Appliances,High,1160,3.0
10989,30.6,560,Pickup,No,Clothing,High,710,2.4
10990,18.4,322,Truck,No,Clothing,Low,1180,1.1
10991,16.0,340,Mini Truck,No,Grocery,Low,590,0.9
10992,64.2,596,Mini Truck,Yes,Grocery,Medium,1890,4.0
10993,15.8,462,Pickup,Yes,Construction Material,Medium,810,2.6
10994,7.8,703,Mini Truck,Yes,Clothing,Medium,880,1.6
10995,24.7,266,Pickup,No,Appliances,Medium,700,1.6
10996,21.6,108,E-Rickshaw Loader,Yes,Furniture,Low,530,2.6
10997,43.7,166,Truck,No,Appliances,Low,1820,2.1
10998,19.4,46,Pickup,Yes,Appliances,Medium,690,2.2
10999,33.3,157,Truck,Yes,Construction Material,Low,1590,2.3
11000,54.4,459,Mini Truck,No,Electronics,Medium,1160,3.4
11001,28.4,270,Pickup,No,Clothing,High,640,1.8
11002,9.7,139,Mini Truck,No,Construction Material,Medium,580,1.0
11003,29.0,190,Truck,Yes,Clothing,Medium,1360,1.8
11004,16.7,366,Mini Truck,No,Clothing,Low,790,1.2
11005,25.9,198,Truck,No,Furniture,Medium,1300,1.7
11006,21.7,247,Mini Truck,No,Construction Material,High,710,1.6
11007,7.7,72,Mini Truck,No,Grocery,Medium,500,0.5
11008,19.3,648,Truck,Yes,Appliances,Low,1470,2.2
11009,9.3,711,Pickup,No,Electronics,High,410,0.6
11010,14.9,146,Mini Truck,No,Electronics,High,610,0.9
11011,39.5,224,Pickup,Yes,Appliances,Low,1160,2.7
11012,22.9,40,Truck,Yes,Furniture,Low,1330,2.5
11013,32.0,612,Truck,No,Clothing,Medium,1450,1.9
11014,24.2,94,E-Rickshaw Loader,No,Electronics,Low,420,1.5
11015,17.6,286,Mini Truck,Yes,Construction Material,High,910,2.1
11016,25.9,121,Truck,No,Construction Material,High,1330,1.7
11017,4.9,291,Pickup,Yes,Grocery,Medium,520,1.8
11018,35.9,534,Mini Truck,No,Appliances,Medium,1000,2.4
11019,11.3,440,Truck,No,Furniture,Medium,950,1.4
11020,30.7,220,E-Rickshaw Loader,No,Grocery,Medium,430,2.0
11021,17.1,84,Mini Truck,No,Grocery,Medium,690,1.4
11022,7.7,281,Pickup,Yes,Construction Material,High,540,1.4
11023,12.9,1015,Truck,Yes,Grocery,High,1360,1.9
11024,30.8,350,Truck,Yes,Furniture,Low,1770,2.3
11025,77.4,300,Truck,Yes,Appliances,Medium,2390,4.7
11026,20.7,240,Mini Truck,Yes,Grocery,Medium,930,2.5
11027,71.7,327,Truck,Yes,Grocery,Medium,2280,4.3
11028,4.9,291,Truck,Yes,Grocery,Medium,950,1.0
11029,18.0,629,Pickup,No,Electronics,Medium,560,1.7
11030,20.7,512,Truck,No,Furniture,Medium,1140,1.2
11031,31.8,265,E-Rickshaw Loader,Yes,Furniture,Medium,590,2.5
11032,13.4,494,Mini Truck,Yes,Furniture,Low,940,2.0
11033,27.6,157,Pickup,Yes,Electronics,High,750,2.7
11034,18.7,287,Pickup,Yes,Grocery,Low,780,2.1
11035,47.8,198,E-Rickshaw Loader,No,Construction Material,Low,610,2.4
11036,24.7,471,Mini Truck,Yes,Construction Material,Low,1010,2.3
11037,102.4,271,Pickup,Yes,Furniture,Low,1950,5.0
11038,18.8,323,Mini Truck,No,Appliances,Medium,770,1.4
11039,45.8,256,E-Rickshaw Loader,Yes,Appliances,Medium,950,3.9
11040,55.3,378,Pickup,No,Appliances,Medium,1030,3.3
11041,2.0,476,Mini Truck,Yes,Grocery,Low,610,1.7
11042,35.6,712,Mini Truck,Yes,Construction Material,Low,1360,2.8
11043,18.3,237,Pickup,No,Furniture,Medium,460,1.8
11044,8.6,128,Mini Truck,No,Clothing,Medium,540,1.2
11045,48.3,393,Truck,No,Furniture,Medium,1900,3.0
11046,14.0,99,Mini Truck,No,Electronics,Low,670,1.5
11047,4.6,232,Pickup,No,Grocery,Low,330,1.0
11048,25.1,75,E-Rickshaw Loader,No,Construction Material,Low,390,1.7
11049,53.0,1551,Truck,Yes,Construction Material,Low,2450,3.2
11050,8.7,182,E-Rickshaw Loader,No,Furniture,Medium,220,1.5
11051,38.7,611,Truck,No,Grocery,Medium,1530,2.2
11052,3.4,736,Mini Truck,Yes,Appliances,Low,750,1.3
11053,55.4,566,Truck,Yes,Appliances,Medium,2120,3.8
11054,28.8,352,Mini Truck,Yes,Construction Material,Medium,1100,2.6
11055,8.0,359,Truck,Yes,Construction Material,Medium,1020,1.5
11056,36.4,689,Pickup,No,Furniture,Low,850,1.7
11057,14.6,720,Mini Truck,No,Electronics,Medium,680,1.2
11058,10.4,138,Pickup,No,Electronics,Medium,410,1.1
11059,14.4,266,Mini Truck,Yes,Grocery,Medium,830,1.7
11060,34.0,315,Mini Truck,No,Clothing,Medium,910,1.9
11061,9.9,578,Truck,Yes,Grocery,Low,1200,2.0
11062,2.1,158,Truck,No,Furniture,Medium,660,0.5
11063,14.9,143,Mini Truck,No,Grocery,Medium,620,1.2
11064,49.6,92,Pickup,No,Furniture,Low,920,2.4
11065,49.2,201,Mini Truck,Yes,Clothing,Medium,1460,3.6
11066,14.3,230,Mini Truck,No,Furniture,High,620,1.3
11067,13.9,671,Pickup,No,Grocery,Medium,510,1.1
11068,13.3,270,E-Rickshaw Loader,No,Clothing,Medium,300,1.3
11069,12.8,578,Pickup,No,Electronics,Medium,450,1.1
11070,13.5,124,Pickup,Yes,Furniture,Low,710,2.3
11071,26.0,254,Pickup,No,Construction Material,Medium,600,1.9
11072,50.4,489,Pickup,No,Furniture,Medium,1000,2.9
11073,9.9,217,E-Rickshaw Loader,Yes,Construction Material,High,400,1.9
11074,11.5,250,E-Rickshaw Loader,No,Clothing,Medium,260,1.6
11075,28.1,93,Truck,No,Electronics,Medium,1290,1.6
11076,35.3,322,Mini Truck,No,Grocery,Medium,1010,1.8
11077,5.9,507,Pickup,No,Appliances,High,380,0.9
11078,62.5,128,Mini Truck,No,Grocery,Medium,1660,3.2
11079,17.1,56,Pickup,Yes,Appliances,Low,710,2.0
11080,6.4,123,Truck,Yes,Furniture,High,960,2.2
11081,5.6,683,Mini Truck,No,Clothing,Low,530,0.6
11082,5.3,106,E-Rickshaw Loader,Yes,Construction Material,Low,420,1.6
11083,45.2,304,Pickup,No,Appliances,Medium,840,2.1
11084,23.0,53,Truck,No,Furniture,Medium,1250,2.0
11085,45.5,143,Truck,Yes,Electronics,Medium,1830,2.7
11086,20.0,347,Mini Truck,No,Furniture,Medium,800,1.5
11087,44.7,299,Mini Truck,No,Appliances,Low,1170,1.9
11088,19.6,612,Pickup,Yes,Grocery,Medium,770,1.9
11089,31.8,401,Truck,No,Appliances,Medium,1370,1.7
11090,21.0,128,Pickup,No,Electronics,High,520,1.4
11091,18.8,251,Truck,Yes,Furniture,Medium,1390,2.3
11092,10.7,213,Mini Truck,Yes,Electronics,Low,840,1.5
11093,34.7,30,Mini Truck,Yes,Construction Material,Medium,1130,3.1
11094,8.8,840,Mini Truck,No,Appliances,Low,560,1.2
11095,34.7,309,Pickup,No,Grocery,Low,860,2.3
11096,23.8,351,Pickup,No,Appliances,Medium,630,1.2
11097,35.3,478,Pickup,No,Electronics,Medium,740,1.9
11098,25.2,482,Pickup,No,Clothing,Medium,650,1.5
11099,47.9,518,Mini Truck,Yes,Clothing,Medium,1460,3.3
11100,29.7,222,Pickup,No,Electronics,Medium,610,2.1
11101,24.1,202,E-Rickshaw Loader,No,Furniture,Low,380,1.5
11102,2.0,628,Truck,No,Grocery,Low,640,0.5
11103,49.1,854,Truck,Yes,Furniture,Low,2120,3.1
11104,5.2,53,Truck,Yes,Appliances,High,900,1.7
11105,7.0,613,Truck,Yes,Appliances,Medium,1050,1.7
11106,37.6,251,Pickup,No,Clothing,Medium,840,2.0
11107,22.4,284,Pickup,No,Clothing,Low,590,1.1
11108,5.4,20,Mini Truck,No,Electronics,Low,430,1.0
11109,13.9,303,Mini Truck,Yes,Furniture,High,870,1.8
11110,47.5,189,Pickup,No,Clothing,High,1010,3.2
11111,24.7,26,Truck,No,Construction Material,Low,1150,1.5
11112,22.8,670,Pickup,No,Clothing,High,560,1.5
11113,12.6,348,Pickup,No,Clothing,Medium,400,1.3
11114,38.5,387,Mini Truck,No,Grocery,Low,1110,1.8
11115,20.4,667,Mini Truck,No,Furniture,Low,870,1.5
11116,33.8,489,Mini Truck,No,Clothing,Medium,1070,1.8
11117,11.5,89,E-Rickshaw Loader,No,Grocery,Medium,270,1.1
11118,77.7,568,Truck,No,Appliances,High,2200,4.5
11119,53.1,68,Pickup,Yes,Grocery,Low,1120,3.1
11120,24.5,463,Pickup,No,Electronics,Medium,570,1.6
11121,28.4,974,Truck,Yes,Furniture,Low,1770,2.3
11122,14.0,465,Truck,No,Clothing,Low,980,1.4
11123,35.6,230,Truck,No,Construction Material,Low,1200,1.7
11124,2.4,952,Truck,Yes,Grocery,High,1110,1.5
11125,61.9,347,Mini Truck,Yes,Grocery,Medium,1860,3.5
11126,34.2,131,Mini Truck,No,Construction Material,Low,1120,1.6
11127,9.7,176,E-Rickshaw Loader,No,Electronics,Medium,240,1.2
11128,60.9,172,Pickup,No,Grocery,Medium,1170,3.3
11129,73.5,489,Pickup,No,Electronics,Low,1230,3.3
11130,29.5,460,Pickup,No,Grocery,High,610,2.1
11131,11.7,472,Mini Truck,No,Grocery,High,660,1.2
11132,23.1,418,Mini Truck,No,Furniture,Medium,840,1.9
11133,32.4,291,E-Rickshaw Loader,No,Grocery,Medium,530,1.7
11134,27.8,204,Pickup,Yes,Grocery,Medium,830,2.9
11135,9.7,105,Mini Truck,Yes,Electronics,Low,850,1.5
11136,32.0,168,E-Rickshaw Loader,No,Appliances,Medium,480,2.0
11137,47.1,933,Truck,Yes,Furniture,Low,2050,2.9
11138,7.8,377,Mini Truck,Yes,Construction Material,High,740,2.0
11139,8.6,713,Mini Truck,No,Furniture,Medium,510,0.6
11140,13.6,51,Mini Truck,No,Appliances,Low,560,0.8
11141,19.1,378,Truck,Yes,Appliances,Medium,1300,2.2
11142,39.1,193,Pickup,No,Grocery,Medium,890,2.1
11143,46.8,125,Mini Truck,Yes,Appliances,High,1390,3.6
11144,11.3,804,Mini Truck,No,Electronics,Medium,680,1.0
11145,25.8,215,Pickup,No,Furniture,Medium,610,1.4
11146,45.6,459,Truck,Yes,Electronics,Low,1880,3.1
11147,80.5,277,Mini Truck,Yes,Grocery,Medium,2120,4.9
11148,25.7,89,Mini Truck,No,Grocery,Low,770,1.1
11149,26.7,505,Truck,Yes,Grocery,Low,1520,2.4
11150,29.6,227,Truck,No,Grocery,Medium,1560,1.9
11151,17.6,559,Mini Truck,Yes,Clothing,Medium,1010,2.3
11152,24.4,144,Truck,Yes,Electronics,High,1340,2.6
11153,3.2,196,Mini Truck,No,Furniture,Medium,450,0.8
11154,14.1,447,Mini Truck,No,Grocery,Medium,610,1.3
11155,31.7,155,Mini Truck,No,Grocery,High,820,2.2
11156,10.7,499,Mini Truck,No,Furniture,High,640,1.2
11157,39.7,40,Pickup,No,Furniture,Medium,820,2.7
11158,4.5,106,Truck,Yes,Grocery,Medium,900,1.9
11159,38.7,319,Truck,No,Electronics,High,1410,2.5
11160,38.6,227,E-Rickshaw Loader,No,Appliances,Medium,540,2.1
11161,81.4,330,Truck,Yes,Furniture,Medium,2930,5.1
11162,17.1,434,Pickup,No,Furniture,Low,470,1.8
11163,22.4,216,Pickup,No,Grocery,Medium,570,1.5
11164,58.1,36,Mini Truck,No,Appliances,Low,1550,2.8
11165,53.4,239,Pickup,No,Construction Material,Low,1030,2.4
11166,43.6,244,Truck,No,Grocery,High,1780,2.9
11167,28.5,673,Truck,Yes,Furniture,Medium,1590,2.1
11168,57.1,492,Mini Truck,No,Grocery,Medium,1320,2.9
11169,99.6,115,E-Rickshaw Loader,Yes,Electronics,Medium,1320,5.8
11170,33.7,25,Pickup,Yes,Construction Material,Low,960,2.4
11171,23.2,276,Mini Truck,Yes,Construction Material,Low,1000,2.4
11172,36.5,192,Truck,No,Electronics,Medium,1510,2.3
11173,25.5,887,Mini Truck,No,Furniture,Low,870,1.7
11174,18.2,687,Pickup,Yes,Clothing,Medium,740,2.0
11175,39.8,89,Mini Truck,No,Construction Material,High,1180,2.8
11176,15.2,482,Mini Truck,No,Appliances,Low,660,1.6
11177,33.2,430,Mini Truck,Yes,Electronics,Low,1180,2.5
11178,5.7,277,E-Rickshaw Loader,Yes,Construction Material,High,420,1.5
11179,63.7,1467,Mini Truck,No,Furniture,Medium,1580,3.2
11180,12.0,283,Mini Truck,Yes,Electronics,Low,830,1.9
11181,6.9,524,Truck,No,Construction Material,Low,790,0.6
11182,52.2,575,Pickup,No,Appliances,Medium,1040,2.7
11183,58.6,393,Mini Truck,Yes,Electronics,Medium,1670,4.2
11184,28.1,879,Truck,Yes,Clothing,Medium,1890,2.9
11185,20.9,220,E-Rickshaw Loader,Yes,Construction Material,Medium,640,2.0
11186,17.4,555,Truck,No,Grocery,High,1150,1.9
11187,27.0,171,Mini Truck,Yes,Appliances,Medium,1050,2.4
11188,21.7,105,E-Rickshaw Loader,No,Grocery,Low,380,1.5
11189,19.8,445,Pickup,No,Construction Material,Medium,580,1.4
11190,10.9,294,Mini Truck,Yes,Grocery,Medium,760,2.1
11191,8.4,177,E-Rickshaw Loader,No,Grocery,Low,200,0.6
11192,23.9,235,Mini Truck,No,Appliances,Low,700,1.3
11193,26.4,546,Pickup,No,Electronics,Low,650,1.3
11194,12.6,347,Mini Truck,No,Furniture,Medium,590,0.9
11195,14.1,269,E-Rickshaw Loader,No,Appliances,Medium,280,1.0
11196,26.4,339,Truck,No,Appliances,Low,1220,1.3
11197,10.7,407,Truck,No,Grocery,Medium,850,1.2
11198,44.7,594,Truck,No,Electronics,Medium,1860,2.4
11199,32.3,442,Mini Truck,Yes,Construction Material,High,950,3.0
11200,12.5,110,Pickup,Yes,Furniture,High,630,1.6
11201,31.2,261,Mini Truck,No,Grocery,High,920,2.4
11202,10.9,161,E-Rickshaw Loader,No,Furniture,High,280,0.7
11203,38.8,197,E-Rickshaw Loader,Yes,Construction Material,Medium,760,3.1
11204,11.3,372,Pickup,No,Furniture,Medium,370,1.4
11205,20.6,569,Mini Truck,No,Construction Material,Low,680,1.7
11206,24.9,623,Mini Truck,Yes,Construction Material,Medium,1030,2.1
11207,58.0,161,Mini Truck,No,Grocery,Low,1440,2.6
11208,11.9,614,Mini Truck,No,Furniture,Medium,550,1.3
11209,11.5,680,Pickup,No,Furniture,Low,460,0.9
11210,6.0,132,Truck,No,Electronics,Low,800,1.1
11211,69.1,407,Mini Truck,No,Grocery,Low,1570,2.6
11212,23.0,766,Mini Truck,Yes,Construction Material,High,1040,2.6
11213,45.4,258,Pickup,Yes,Furniture,Low,950,3.1
11214,14.3,308,Mini Truck,No,Clothing,High,710,1.0
11215,15.4,405,Mini Truck,Yes,Clothing,Low,1010,2.2
11216,21.7,343,Pickup,Yes,Grocery,Medium,860,2.1
11217,22.1,228,E-Rickshaw Loader,No,Grocery,Medium,370,1.9
11218,35.6,486,Mini Truck,No,Appliances,Medium,1040,2.0
11219,23.5,499,Mini Truck,No,Clothing,High,860,1.7
11220,16.8,300,Pickup,Yes,Appliances,Low,720,1.7
11221,69.9,939,Truck,No,Grocery,Low,1910,3.0
11222,10.8,160,Pickup,Yes,Appliances,Medium,630,1.7
11223,12.0,557,Mini Truck,No,Furniture,Medium,670,1.2
11224,10.9,27,Truck,No,Grocery,High,940,1.2
11225,36.5,324,Pickup,No,Grocery,Medium,810,2.1
11226,30.6,20,Mini Truck,Yes,Grocery,Medium,1160,2.7
11227,19.9,341,Pickup,No,Construction Material,Medium,490,1.2
11228,10.5,438,Pickup,No,Furniture,Medium,410,0.8
11229,24.8,240,Truck,No,Appliances,Medium,1190,1.9
11230,39.9,317,Pickup,Yes,Construction Material,Low,1150,2.6
11231,59.6,525,Truck,Yes,Appliances,Medium,2420,4.0
11232,13.8,20,Pickup,No,Furniture,Low,420,0.5
11233,19.8,208,Pickup,Yes,Construction Material,Medium,680,2.3
11234,30.4,247,E-Rickshaw Loader,No,Grocery,Low,430,2.0
11235,16.7,107,Mini Truck,No,Grocery,Medium,610,1.3
11236,7.0,178,Pickup,No,Clothing,Medium,360,0.9
11237,19.9,39,Truck,No,Electronics,Low,1150,1.7
11238,7.8,209,Mini Truck,No,Electronics,Low,520,0.9
11239,42.2,288,Truck,Yes,Clothing,Low,2000,2.7
11240,17.8,544,Pickup,Yes,Construction Material,Low,730,1.9
11241,21.4,418,Truck,Yes,Electronics,Low,1230,2.0
11242,12.2,218,Mini Truck,Yes,Grocery,Medium,840,2.2
11243,22.0,69,Mini Truck,Yes,Grocery,Medium,940,2.6
11244,50.6,179,Truck,No,Clothing,Medium,1990,3.0
11245,45.3,149,Mini Truck,Yes,Furniture,Medium,1420,3.1
11246,9.0,30,Mini Truck,Yes,Construction Material,Medium,700,1.8
11247,2.0,104,Pickup,Yes,Construction Material,Low,460,1.6
11248,20.0,224,E-Rickshaw Loader,No,Clothing,High,390,1.3
11249,17.8,252,Truck,No,Appliances,High,1050,1.7
11250,17.0,519,Mini Truck,Yes,Grocery,Low,1000,2.2
11251,14.5,806,Mini Truck,Yes,Grocery,Medium,990,2.2
11252,8.8,247,Mini Truck,No,Furniture,Low,470,1.1
11253,84.9,198,E-Rickshaw Loader,No,Electronics,Low,940,3.6
11254,69.1,218,Pickup,No,Furniture,Low,1240,2.9
11255,16.5,137,Mini Truck,Yes,Clothing,High,830,2.5
11256,24.6,500,Mini Truck,No,Clothing,Medium,790,1.6
11257,42.7,215,Pickup,No,Grocery,Medium,930,2.3
11258,24.5,154,Mini Truck,No,Electronics,Medium,720,1.7
11259,15.5,131,E-Rickshaw Loader,No,Furniture,Medium,290,1.3
11260,7.1,60,Mini Truck,No,Appliances,Medium,450,0.8
11261,22.6,316,Pickup,Yes,Appliances,High,880,2.7
11262,8.0,186,Mini Truck,Yes,Electronics,Medium,840,2.2
11263,48.4,585,Pickup,No,Construction Material,Medium,960,2.3
11264,21.9,949,Mini Truck,Yes,Electronics,Medium,1200,2.0
11265,32.1,130,E-Rickshaw Loader,No,Electronics,High,510,2.5
11266,17.4,83,E-Rickshaw Loader,No,Furniture,Medium,330,1.5
11267,38.9,763,Pickup,No,Construction Material,Low,910,2.4
11268,13.6,342,Mini Truck,No,Furniture,Medium,550,1.6
11269,27.5,332,Mini Truck,Yes,Furniture,Low,1190,2.6
11270,17.0,391,Pickup,No,Furniture,High,520,1.2
11271,19.0,657,Mini Truck,Yes,Electronics,Medium,1000,2.3
11272,42.3,654,Truck,Yes,Construction Material,Low,1970,2.8
11273,12.2,484,Mini Truck,Yes,Electronics,Medium,870,2.0
11274,28.8,107,E-Rickshaw Loader,Yes,Appliances,Medium,610,2.4
11275,52.1,46,Mini Truck,Yes,Electronics,Medium,1440,3.7
11276,41.3,108,E-Rickshaw Loader,No,Electronics,Low,530,2.3
11277,13.9,65,Pickup,No,Electronics,Low,440,1.2
11278,31.6,525,Truck,No,Electronics,Low,1430,1.8
11279,4.5,175,Pickup,Yes,Furniture,Low,480,1.7
11280,43.3,476,Mini Truck,No,Electronics,Medium,1190,2.2
11281,99.5,304,Mini Truck,Yes,Appliances,High,2400,6.5
11282,27.7,173,Mini Truck,No,Clothing,Low,900,1.6
11283,53.8,133,Mini Truck,No,Appliances,Low,1330,2.8
11284,6.8,163,E-Rickshaw Loader,No,Furniture,Medium,220,1.1
11285,9.6,84,Pickup,Yes,Grocery,High,550,1.7
11286,17.4,967,Mini Truck,No,Electronics,Medium,750,1.5
11287,19.9,278,E-Rickshaw Loader,No,Clothing,Low,360,1.7
11288,27.8,304,Pickup,No,Appliances,Medium,670,1.9
11289,13.9,298,E-Rickshaw Loader,No,Clothing,Low,320,1.0
11290,24.8,203,E-Rickshaw Loader,No,Furniture,High,430,1.6
11291,42.3,149,Pickup,No,Electronics,High,850,2.2
11292,31.5,681,Pickup,No,Furniture,Medium,670,2.2
11293,17.0,233,Mini Truck,No,Furniture,Low,710,0.9
11294,36.9,225,Mini Truck,Yes,Furniture,Low,1290,2.5
11295,16.4,754,Truck,Yes,Electronics,High,1380,2.2
11296,23.8,147,Pickup,No,Electronics,Medium,610,1.7
11297,40.9,409,Pickup,No,Grocery,Medium,830,2.7
11298,19.5,296,E-Rickshaw Loader,No,Grocery,Low,310,1.4
11299,7.8,172,Mini Truck,Yes,Clothing,Medium,660,1.7
11300,23.3,458,Mini Truck,No,Furniture,High,650,1.7
11301,41.1,99,E-Rickshaw Loader,No,Furniture,Medium,580,2.0
11302,43.6,171,Truck,No,Construction Material,Low,1700,2.5
11303,9.3,293,E-Rickshaw Loader,No,Construction Material,Medium,260,1.2
11304,35.9,872,Mini Truck,No,Furniture,Low,1140,2.0
11305,18.7,819,Mini Truck,Yes,Appliances,High,1010,2.7
11306,56.1,413,Truck,No,Electronics,Medium,1930,3.2
11307,8.0,237,Mini Truck,No,Grocery,Medium,490,1.1
11308,35.5,35,Truck,No,Grocery,Low,1690,1.9
11309,17.2,574,Pickup,Yes,Electronics,Low,770,2.0
11310,14.1,633,Truck,No,Construction Material,Medium,1000,0.8
11311,42.1,297,E-Rickshaw Loader,No,Grocery,High,600,3.0
11312,46.4,246,Truck,Yes,Electronics,Low,1770,3.0
11313,3.2,539,Mini Truck,Yes,Appliances,Medium,690,1.8
11314,42.6,290,Truck,No,Electronics,Medium,1590,2.6
11315,21.3,263,Mini Truck,No,Clothing,Medium,700,1.5
11316,22.9,65,Mini Truck,No,Grocery,Medium,750,1.8
11317,7.6,519,Mini Truck,Yes,Grocery,Low,780,1.5
11318,33.9,333,Mini Truck,No,Electronics,Medium,910,1.7
11319,86.2,204,E-Rickshaw Loader,No,Clothing,High,1020,4.9
11320,14.8,183,E-Rickshaw Loader,No,Clothing,High,300,1.4
11321,49.3,138,Pickup,No,Furniture,Medium,980,2.9
11322,22.3,629,Pickup,No,Furniture,High,590,1.7
11323,15.3,724,Truck,Yes,Appliances,Low,1350,1.7
11324,6.3,304,Pickup,No,Appliances,Medium,330,1.2
11325,53.9,556,Truck,Yes,Grocery,Medium,2450,3.6
11326,24.3,232,Pickup,No,Grocery,Low,620,1.6
11327,15.9,242,Pickup,Yes,Clothing,High,650,2.3
11328,18.0,411,Mini Truck,Yes,Furniture,Medium,910,2.2
11329,35.7,240,Mini Truck,No,Construction Material,Medium,1040,1.6
11330,15.9,366,Mini Truck,Yes,Grocery,Low,860,1.8
11331,10.4,327,Mini Truck,No,Clothing,Low,490,1.1
11332,20.6,110,Mini Truck,No,Furniture,Medium,750,1.9
11333,20.1,365,Pickup,No,Construction Material,Medium,530,1.6
11334,19.8,114,Truck,No,Construction Material,Low,1160,1.4
11335,16.0,525,Truck,Yes,Appliances,High,1300,1.7
11336,50.4,636,Mini Truck,Yes,Construction Material,Low,1650,3.5
11337,105.9,265,Pickup,No,Appliances,High,2100,6.1
11338,9.3,876,Mini Truck,Yes,Appliances,Low,970,1.9
11339,2.7,227,E-Rickshaw Loader,Yes,Grocery,Medium,370,1.6
11340,18.8,293,E-Rickshaw Loader,No,Furniture,Medium,360,1.5
11341,3.1,244,Pickup,No,Construction Material,Medium,290,1.0
11342,5.7,599,Mini Truck,No,Appliances,Medium,520,0.8
11343,15.0,887,Truck,Yes,Furniture,High,1200,2.2
11344,35.6,391,Mini Truck,No,Construction Material,Medium,1110,2.0
11345,18.6,202,Mini Truck,No,Furniture,Medium,590,1.4
11346,2.0,490,Mini Truck,Yes,Furniture,Medium,670,1.5
11347,18.4,302,Pickup,Yes,Construction Material,High,640,2.5
11348,19.5,133,Pickup,No,Clothing,High,490,1.5
11349,19.7,218,Truck,Yes,Construction Material,Medium,1340,2.2
11350,45.7,258,E-Rickshaw Loader,Yes,Appliances,Medium,890,3.4
11351,40.8,277,Truck,No,Furniture,Low,1770,2.0
11352,23.6,195,Mini Truck,Yes,Furniture,Medium,980,2.4
11353,75.9,739,Mini Truck,No,Appliances,High,1910,4.1
11354,15.0,621,Mini Truck,No,Grocery,High,680,1.5
11355,20.4,225,Mini Truck,No,Electronics,Medium,700,1.3
11356,22.0,1018,Truck,No,Clothing,Medium,1280,1.2
11357,6.2,287,Truck,No,Appliances,Medium,730,0.9
11358,22.3,393,Mini Truck,No,Clothing,Medium,780,1.6
11359,5.1,324,Pickup,Yes,Clothing,Medium,530,1.7
11360,13.2,152,Mini Truck,Yes,Electronics,Medium,710,2.1
11361,24.4,270,Truck,No,Electronics,Low,1270,1.6
11362,7.2,298,Pickup,No,Appliances,Low,360,1.2
11363,28.3,49,Mini Truck,Yes,Construction Material,Medium,1130,2.8
11364,11.5,378,Mini Truck,No,Electronics,High,520,1.4
11365,16.9,568,Mini Truck,No,Construction Material,Medium,680,1.5
11366,31.7,115,Pickup,No,Clothing,Medium,750,2.2
11367,21.1,499,Mini Truck,Yes,Electronics,High,1060,2.3
11368,27.8,657,Truck,Yes,Construction Material,Medium,1700,2.7
11369,30.4,273,Pickup,Yes,Furniture,Low,990,2.8
11370,20.8,538,Pickup,No,Electronics,High,540,1.6
11371,28.9,371,Truck,Yes,Construction Material,High,1490,3.2
11372,13.0,46,Pickup,No,Furniture,Medium,440,1.1
11373,31.5,95,Truck,No,Electronics,Low,1460,1.8
11374,18.9,384,Mini Truck,No,Appliances,High,720,1.3
11375,51.3,481,Pickup,Yes,Construction Material,Medium,1240,3.8
11376,24.7,319,Truck,No,Grocery,Low,1160,1.8
11377,14.5,367,Mini Truck,No,Electronics,Low,720,1.1
11378,31.8,326,Mini Truck,Yes,Grocery,High,1340,2.7
11379,52.7,180,Pickup,Yes,Construction Material,Low,1300,3.3
11380,15.6,326,Mini Truck,Yes,Furniture,Low,920,1.7
11381,13.6,71,Pickup,No,Grocery,Medium,440,1.2
11382,2.0,234,Pickup,Yes,Grocery,Low,490,1.7
11383,24.7,457,Truck,Yes,Grocery,Low,1310,2.4
11384,17.5,144,Pickup,No,Furniture,Medium,470,0.9
11385,31.7,251,Mini Truck,No,Furniture,Low,1000,1.7
11386,32.2,344,Pickup,No,Appliances,High,680,2.3
11387,6.5,967,Mini Truck,No,Appliances,Medium,570,1.2
11388,40.7,618,Pickup,No,Grocery,Low,940,2.0
11389,12.0,68,Truck,No,Clothing,Medium,980,1.2
11390,15.7,1124,Mini Truck,No,Construction Material,Low,790,1.2
11391,28.4,774,Pickup,No,Furniture,Low,720,1.5
11392,8.8,224,E-Rickshaw Loader,Yes,Electronics,Medium,470,1.7
11393,13.7,549,Pickup,No,Electronics,Low,470,1.0
11394,8.1,162,Mini Truck,No,Construction Material,Medium,570,1.3
11395,43.0,299,Pickup,Yes,Construction Material,High,970,3.4
11396,16.7,154,Truck,No,Appliances,Medium,1040,1.3
11397,7.4,477,Mini Truck,No,Clothing,Medium,510,0.8
11398,7.9,568,Pickup,No,Appliances,High,410,1.3
11399,38.5,224,Mini Truck,Yes,Appliances,High,1240,3.4
11400,11.2,275,Mini Truck,Yes,Clothing,High,930,2.3
11401,15.4,307,Pickup,Yes,Electronics,Medium,740,1.4
11402,23.0,234,Pickup,Yes,Electronics,High,730,2.8
11403,17.6,296,E-Rickshaw Loader,No,Construction Material,High,270,1.3
11404,3.8,651,Mini Truck,Yes,Clothing,Medium,680,1.4
11405,34.1,193,Mini Truck,Yes,Grocery,Medium,1230,2.8
11406,18.6,304,Mini Truck,No,Appliances,Low,700,1.3
11407,27.6,502,Truck,Yes,Appliances,Medium,1520,2.6
11408,35.8,142,Truck,No,Construction Material,Low,1430,1.7
11409,2.9,102,Mini Truck,No,Grocery,Low,440,0.7
11410,36.0,190,Truck,Yes,Appliances,Low,1680,2.7
11411,93.4,520,Pickup,Yes,Furniture,Medium,1810,4.9
11412,29.7,135,E-Rickshaw Loader,No,Furniture,Medium,480,1.9
11413,51.8,201,Pickup,Yes,Appliances,Medium,1330,3.6
11414,42.1,209,E-Rickshaw Loader,Yes,Clothing,Medium,730,3.2
11415,35.1,346,Mini Truck,Yes,Grocery,Medium,1340,2.8
11416,43.1,275,Truck,No,Appliances,Medium,1690,2.4
11417,47.9,233,E-Rickshaw Loader,No,Grocery,Medium,690,2.1
11418,49.1,78,Pickup,Yes,Construction Material,Low,1180,3.0
11419,7.8,184,Mini Truck,No,Construction Material,High,510,0.9
11420,44.8,548,Truck,Yes,Electronics,Medium,2030,3.3
11421,18.4,172,Pickup,Yes,Electronics,High,740,2.3
11422,50.3,353,Mini Truck,Yes,Appliances,Low,1400,3.4
11423,31.5,178,E-Rickshaw Loader,No,Electronics,Medium,430,1.6
11424,7.7,509,Pickup,No,Furniture,Low,440,1.1
11425,54.8,562,Truck,Yes,Grocery,Low,2460,3.9
11426,12.1,672,Truck,No,Furniture,Medium,1040,1.0
11427,17.7,253,E-Rickshaw Loader,Yes,Appliances,High,540,2.5
11428,63.2,137,Truck,Yes,Furniture,Medium,2120,4.4
11429,24.9,37,Mini Truck,No,Construction Material,Medium,770,2.0
11430,17.2,225,Truck,Yes,Electronics,Medium,1300,2.1
11431,21.2,128,Mini Truck,No,Clothing,Low,800,1.6
11432,16.9,154,Mini Truck,No,Construction Material,Medium,690,1.5
11433,38.4,445,Mini Truck,No,Grocery,Medium,1120,2.5
11434,17.3,645,Mini Truck,Yes,Appliances,Medium,970,2.3
11435,21.7,360,Pickup,No,Furniture,Medium,600,1.8
11436,33.3,178,E-Rickshaw Loader,No,Construction Material,Low,460,1.7
11437,30.8,374,Pickup,No,Appliances,Medium,710,1.8
11438,12.9,521,Mini Truck,No,Clothing,High,620,0.7
11439,38.7,78,Pickup,No,Clothing,High,870,2.4
11440,15.0,238,Mini Truck,No,Furniture,Medium,520,1.2
11441,9.5,254,Truck,Yes,Furniture,Medium,1060,1.3
11442,4.2,269,E-Rickshaw Loader,No,Furniture,Low,200,0.8
11443,19.6,145,Mini Truck,Yes,Appliances,Medium,800,2.5
11444,5.2,380,Mini Truck,No,Appliances,Medium,510,0.6
11445,11.5,407,Truck,Yes,Electronics,Medium,1150,2.4
11446,22.1,134,Pickup,No,Electronics,High,520,1.8
11447,47.2,753,Mini Truck,Yes,Furniture,Medium,1660,3.6
11448,18.1,106,Truck,Yes,Electronics,Medium,1190,2.2
11449,6.4,172,Truck,Yes,Grocery,Low,1030,1.4
11450,20.7,96,Mini Truck,Yes,Clothing,Medium,940,2.4
11451,46.0,82,Mini Truck,No,Appliances,High,1150,3.1
11452,17.8,334,Mini Truck,Yes,Clothing,Medium,860,2.1
11453,52.5,172,Truck,No,Construction Material,Low,1830,2.5
11454,22.0,564,Mini Truck,Yes,Clothing,High,1110,2.5
11455,36.1,146,E-Rickshaw Loader,Yes,Clothing,Low,770,2.5
11456,26.2,174,Truck,Yes,Grocery,Medium,1540,2.6
11457,50.9,513,Mini Truck,No,Electronics,Low,1310,2.2
11458,79.1,116,Mini Truck,No,Electronics,Low,1870,3.6
11459,15.5,208,Pickup,No,Construction Material,Low,480,1.7
11460,25.1,745,Mini Truck,No,Appliances,Medium,840,1.9
11461,47.2,20,Pickup,No,Construction Material,Medium,850,2.5
11462,26.8,78,Mini Truck,No,Appliances,Medium,820,1.8
11463,4.0,200,E-Rickshaw Loader,Yes,Furniture,Medium,370,1.9
11464,18.0,412,Mini Truck,No,Clothing,Medium,720,1.3
11465,26.7,379,Truck,Yes,Appliances,High,1700,2.9
11466,60.0,79,E-Rickshaw Loader,No,Construction Material,High,770,3.8
11467,24.1,324,Truck,Yes,Appliances,Low,1600,2.3
11468,10.8,137,Pickup,Yes,Construction Material,Low,590,1.8
11469,27.1,575,Truck,Yes,Electronics,Medium,1570,2.8
11470,56.2,594,Mini Truck,No,Electronics,Low,1270,3.0
11471,13.7,188,Mini Truck,No,Construction Material,High,640,1.3
11472,15.1,435,Mini Truck,Yes,Appliances,Low,860,2.2
11473,13.8,393,Truck,No,Furniture,Medium,930,0.8
11474,7.2,273,Pickup,Yes,Construction Material,Low,520,1.8
11475,23.4,141,Pickup,No,Clothing,Medium,590,1.0
11476,21.4,209,Mini Truck,No,Furniture,Low,730,1.2
11477,4.5,559,Truck,Yes,Furniture,Medium,1130,1.3
11478,11.6,752,Mini Truck,No,Grocery,High,680,1.6
11479,25.6,225,Mini Truck,No,Electronics,Medium,800,1.6
11480,35.5,805,Mini Truck,No,Electronics,Low,890,1.9
11481,42.2,413,Truck,Yes,Electronics,Medium,1940,3.1
11482,37.5,280,Pickup,No,Furniture,Medium,770,1.8
11483,22.4,255,Mini Truck,Yes,Construction Material,Low,1050,2.3
11484,6.1,149,E-Rickshaw Loader,No,Clothing,High,200,0.9
11485,18.9,458,Pickup,Yes,Clothing,Low,840,1.9
11486,2.0,635,Pickup,Yes,Construction Material,Low,590,1.8
11487,25.7,271,Pickup,No,Appliances,Medium,560,2.0
11488,13.3,126,Mini Truck,No,Appliances,Low,570,0.8
11489,2.8,513,Pickup,No,Appliances,Medium,300,0.5
11490,29.1,216,Mini Truck,Yes,Grocery,Low,1090,2.6
11491,55.7,147,Pickup,No,Appliances,High,1020,3.3
11492,5.3,75,Pickup,No,Clothing,Medium,320,0.8
11493,30.8,447,Pickup,No,Electronics,Medium,740,1.6
11494,16.5,196,E-Rickshaw Loader,No,Furniture,Low,300,0.9
11495,12.1,99,Mini Truck,No,Clothing,Low,600,0.9
11496,12.1,235,Mini Truck,Yes,Furniture,Medium,730,1.9
11497,16.5,252,Mini Truck,Yes,Electronics,Low,930,2.0
11498,16.5,157,Mini Truck,No,Grocery,Medium,700,1.1
11499,21.7,790,Pickup,Yes,Construction Material,Medium,910,2.0
11500,11.1,71,Truck,Yes,Appliances,Low,1110,1.5
11501,13.1,416,Mini Truck,Yes,Construction Material,Medium,900,2.2
11502,32.7,475,Mini Truck,No,Construction Material,High,1060,2.8
11503,10.3,156,E-Rickshaw Loader,No,Electronics,Medium,260,1.1
11504,26.9,124,Pickup,Yes,Clothing,High,890,2.1
11505,17.2,180,Pickup,Yes,Grocery,High,610,2.4
11506,14.6,46,Pickup,No,Appliances,Low,440,1.4
11507,67.3,193,Mini Truck,No,Grocery,Low,1580,2.8
11508,7.4,216,Mini Truck,No,Grocery,Medium,510,1.1
11509,58.2,1025,Mini Truck,No,Grocery,Medium,1590,3.3
11510,39.0,56,Mini Truck,No,Clothing,Medium,1070,2.6
11511,13.6,269,Truck,No,Appliances,Medium,970,1.0
11512,39.8,523,Mini Truck,No,Electronics,Medium,1160,2.3
11513,2.0,918,Truck,Yes,Grocery,Medium,920,1.5
11514,12.5,64,E-Rickshaw Loader,No,Clothing,Low,290,1.4
11515,10.4,512,Pickup,No,Appliances,Medium,420,0.9
11516,29.3,234,E-Rickshaw Loader,No,Grocery,High,500,2.3
11517,36.0,235,Mini Truck,No,Furniture,Medium,960,2.2
11518,29.0,101,Truck,No,Grocery,Low,1250,1.9
11519,24.5,317,Pickup,Yes,Construction Material,Low,810,2.5
11520,41.5,1009,Truck,No,Grocery,Medium,1740,2.2
11521,37.7,214,E-Rickshaw Loader,Yes,Electronics,High,720,3.4
11522,13.3,142,Truck,Yes,Furniture,High,1080,1.9
11523,14.5,170,Pickup,Yes,Clothing,Medium,660,2.0
11524,36.3,177,E-Rickshaw Loader,Yes,Appliances,Low,790,3.1
11525,21.6,833,Mini Truck,Yes,Appliances,Medium,1230,2.2
11526,22.7,496,Pickup,No,Clothing,High,590,1.6
11527,24.8,71,Pickup,Yes,Appliances,High,720,2.6
11528,4.2,109,Pickup,No,Electronics,Medium,290,0.9
11529,12.8,122,Truck,No,Construction Material,Medium,1040,1.3
11530,31.1,187,Mini Truck,No,Furniture,Medium,1000,2.0
11531,12.7,556,Pickup,Yes,Clothing,High,730,1.8
11532,18.7,996,Mini Truck,No,Appliances,Medium,760,1.3
11533,31.0,299,Mini Truck,Yes,Appliances,Low,1230,2.9
11534,43.0,207,Pickup,No,Construction Material,Medium,1000,2.0
11535,46.4,33,Pickup,Yes,Clothing,High,1070,3.8
11536,48.2,351,Pickup,No,Appliances,Medium,820,2.6
11537,20.1,321,Pickup,No,Electronics,Medium,500,1.6
11538,18.6,97,Mini Truck,No,Clothing,Medium,700,1.4
11539,8.2,406,Pickup,No,Electronics,Medium,380,0.6
11540,55.9,582,Mini Truck,No,Appliances,Low,1550,2.7
11541,18.0,96,Mini Truck,Yes,Furniture,Medium,840,1.9
11542,55.1,196,E-Rickshaw Loader,No,Furniture,Medium,710,2.6
11543,27.4,561,Mini Truck,Yes,Clothing,High,1090,2.8
11544,44.4,162,Pickup,No,Furniture,High,930,2.7
11545,21.1,189,Truck,No,Furniture,Medium,1080,1.3
11546,33.1,199,Mini Truck,No,Construction Material,High,950,2.2
11547,45.3,420,Truck,No,Appliances,Medium,1590,2.3
11548,15.2,640,Mini Truck,Yes,Electronics,Medium,910,2.4
11549,48.3,275,E-Rickshaw Loader,Yes,Appliances,Low,970,3.2
11550,9.3,608,Mini Truck,No,Clothing,Low,650,0.9
11551,66.2,296,Truck,Yes,Construction Material,High,2620,4.9
11552,24.9,475,Mini Truck,No,Construction Material,High,870,1.8
11553,13.0,89,Truck,Yes,Furniture,Medium,1080,1.9
11554,38.5,1180,Truck,Yes,Grocery,Medium,2030,3.3
11555,28.3,148,Pickup,Yes,Electronics,Medium,850,2.4
11556,4.4,450,Pickup,No,Furniture,High,330,0.6
11557,16.6,334,Mini Truck,No,Grocery,Low,720,1.4
11558,9.7,80,Pickup,No,Grocery,Low,340,1.0
11559,10.4,149,Truck,Yes,Clothing,Medium,1270,1.9
11560,10.1,669,Truck,Yes,Construction Material,High,1310,1.8
11561,32.0,267,Pickup,No,Appliances,Low,670,1.9
11562,40.5,127,Pickup,Yes,Furniture,High,1020,3.1
11563,12.0,235,Mini Truck,Yes,Furniture,Medium,760,1.4
11564,3.3,127,Pickup,No,Construction Material,Low,290,0.6
11565,76.1,187,Truck,Yes,Furniture,Medium,2710,4.8
11566,25.1,61,Mini Truck,No,Clothing,Medium,700,2.0
11567,38.7,296,Mini Truck,No,Grocery,Low,1010,2.1
11568,19.3,253,E-Rickshaw Loader,No,Grocery,Medium,380,1.2
11569,2.5,189,Mini Truck,No,Grocery,Medium,410,0.5
11570,29.9,667,Mini Truck,Yes,Grocery,Low,1200,2.8
11571,61.8,199,Mini Truck,No,Grocery,Medium,1550,3.4
11572,13.6,266,Pickup,No,Furniture,Low,470,1.2
11573,2.2,180,Mini Truck,No,Furniture,Medium,410,0.9
11574,8.2,216,Truck,No,Grocery,Low,700,0.9
11575,40.0,490,Pickup,Yes,Furniture,Medium,1030,3.0
11576,28.1,92,E-Rickshaw Loader,No,Clothing,Low,360,1.6
11577,48.4,268,E-Rickshaw Loader,No,Electronics,Medium,590,2.8
11578,22.5,161,Mini Truck,Yes,Furniture,Low,980,2.3
11579,35.6,96,Mini Truck,Yes,Electronics,Medium,1200,2.4
11580,16.2,222,Mini Truck,No,Grocery,Medium,720,1.5
11581,8.8,446,Pickup,Yes,Furniture,Low,620,1.9
11582,35.7,217,Pickup,Yes,Furniture,High,910,3.3
11583,40.4,131,Mini Truck,Yes,Electronics,Medium,1390,3.5
11584,13.8,972,Mini Truck,Yes,Electronics,Medium,1110,1.8
11585,58.3,364,Truck,Yes,Clothing,Medium,2470,3.6
11586,59.3,304,Pickup,No,Appliances,Low,1110,2.8
11587,10.2,437,Mini Truck,Yes,Electronics,High,790,1.7
11588,10.6,471,Pickup,Yes,Furniture,Low,600,2.2
11589,11.0,197,Mini Truck,No,Construction Material,Medium,540,0.9
11590,20.4,539,Mini Truck,Yes,Clothing,Medium,980,2.1
11591,16.8,77,Mini Truck,Yes,Appliances,High,770,2.1
11592,7.1,456,Truck,No,Furniture,Medium,800,0.8
11593,11.3,208,Pickup,Yes,Grocery,Medium,600,1.8
11594,2.6,218,E-Rickshaw Loader,No,Clothing,Medium,200,0.6
11595,3.2,196,Mini Truck,Yes,Appliances,Low,560,1.4
11596,5.8,598,Mini Truck,No,Furniture,Low,520,0.5
11597,73.5,373,Pickup,Yes,Clothing,Low,1400,4.2
11598,67.9,217,E-Rickshaw Loader,No,Electronics,Low,740,2.9
11599,37.1,233,E-Rickshaw Loader,Yes,Furniture,Low,720,2.7
11600,14.0,52,Truck,Yes,Grocery,Medium,1140,1.7
11601,5.7,648,Pickup,No,Furniture,Medium,400,0.5
11602,22.2,677,Pickup,Yes,Clothing,High,850,2.5
11603,30.5,225,Pickup,No,Clothing,Medium,660,2.3
11604,12.2,166,Pickup,Yes,Appliances,Low,580,2.2
11605,29.3,178,E-Rickshaw Loader,Yes,Grocery,High,620,2.6
11606,8.1,368,Mini Truck,Yes,Furniture,High,570,1.6
11607,14.2,259,E-Rickshaw Loader,Yes,Electronics,Medium,480,2.0
11608,18.4,421,Truck,No,Grocery,Low,1160,0.6
11609,69.2,224,Pickup,No,Clothing,High,1030,3.9
11610,11.1,670,Mini Truck,Yes,Grocery,Low,850,1.9
11611,30.4,239,Truck,No,Construction Material,Low,1360,1.6
11612,9.7,554,Mini Truck,No,Construction Material,Medium,610,0.5
11613,8.6,309,Mini Truck,No,Furniture,Medium,540,0.5
11614,12.2,387,Pickup,No,Construction Material,Low,450,0.7
11615,22.8,664,Pickup,No,Grocery,Medium,580,1.5
11616,63.2,201,Mini Truck,Yes,Clothing,Medium,1500,3.9
11617,13.7,529,Truck,Yes,Clothing,High,1190,2.5
11618,40.6,808,Mini Truck,Yes,Furniture,Low,1420,2.5
11619,71.4,515,Mini Truck,No,Grocery,Low,1820,3.5
11620,26.9,697,Mini Truck,No,Clothing,Medium,810,1.4
11621,45.6,334,Mini Truck,No,Furniture,High,1380,3.5
11622,11.6,169,E-Rickshaw Loader,Yes,Clothing,Low,460,2.0
11623,29.8,595,Mini Truck,No,Electronics,Medium,900,1.3
11624,35.2,304,Truck,No,Grocery,Low,1420,2.2
11625,6.8,148,Pickup,No,Appliances,Low,330,0.7
11626,10.7,126,Mini Truck,Yes,Construction Material,High,750,2.2
11627,17.8,682,Pickup,Yes,Grocery,Low,810,2.0
11628,12.4,786,Mini Truck,No,Furniture,Medium,680,1.0
11629,19.4,169,E-Rickshaw Loader,No,Furniture,Medium,320,1.4
11630,5.9,697,Mini Truck,Yes,Construction Material,Low,800,1.3
11631,67.0,424,Mini Truck,No,Grocery,High,1560,3.8
11632,43.4,312,Pickup,Yes,Grocery,Medium,1220,2.9
11633,144.4,165,Mini Truck,Yes,Appliances,Medium,2760,7.4
11634,7.6,279,Mini Truck,Yes,Electronics,Medium,840,1.8
11635,30.6,138,Truck,Yes,Construction Material,Medium,1480,3.0
11636,12.5,243,Pickup,Yes,Construction Material,Medium,590,2.3
11637,8.5,135,Pickup,Yes,Construction Material,Low,540,1.7
11638,41.8,86,Pickup,No,Grocery,High,850,2.4
11639,23.3,709,Truck,No,Electronics,Medium,1220,1.6
11640,16.9,265,Truck,Yes,Appliances,Low,1310,2.0
11641,27.5,397,Mini Truck,No,Grocery,High,860,2.3
11642,11.1,192,Truck,Yes,Construction Material,Medium,1050,2.1
11643,10.7,255,Mini Truck,No,Construction Material,Medium,530,1.1
11644,12.9,131,Mini Truck,Yes,Furniture,Low,860,2.2
11645,47.4,282,E-Rickshaw Loader,Yes,Clothing,High,880,3.6
11646,44.9,570,Mini Truck,Yes,Grocery,High,1350,3.8
11647,7.2,189,Pickup,No,Construction Material,Medium,330,0.8
11648,65.1,130,Truck,Yes,Clothing,Medium,2210,4.0
11649,21.9,79,Mini Truck,No,Appliances,Medium,900,1.0
11650,30.3,334,Mini Truck,No,Grocery,Low,940,1.7
11651,12.6,231,E-Rickshaw Loader,No,Clothing,Medium,240,1.2
11652,22.7,484,Pickup,Yes,Electronics,Low,760,2.2
11653,8.5,212,Pickup,No,Construction Material,High,330,1.1
11654,11.9,254,Pickup,Yes,Furniture,Low,640,2.1
11655,39.5,127,E-Rickshaw Loader,Yes,Furniture,Medium,650,3.1
11656,40.1,147,Truck,Yes,Furniture,Medium,1640,3.2
11657,31.2,707,Mini Truck,Yes,Electronics,Low,1230,2.6
11658,16.1,53,Pickup,No,Furniture,Medium,460,1.5
11659,7.1,46,Pickup,Yes,Construction Material,Medium,490,1.8
11660,51.2,169,Mini Truck,Yes,Electronics,Medium,1450,4.0
11661,42.1,880,Mini Truck,No,Clothing,Low,1080,2.2
11662,3.8,307,Mini Truck,No,Furniture,Medium,460,0.5
11663,40.6,1322,Truck,No,Electronics,High,1500,2.9
11664,16.9,231,Mini Truck,No,Grocery,Medium,670,1.5
11665,36.0,496,Truck,No,Grocery,Medium,1740,2.2
11666,5.9,642,Truck,Yes,Furniture,Low,1040,1.2
11667,13.1,696,Pickup,Yes,Appliances,Medium,670,2.3
11668,24.0,183,Truck,No,Electronics,Medium,1210,1.9
11669,67.0,273,E-Rickshaw Loader,Yes,Clothing,Medium,1040,4.3
11670,24.0,261,Truck,No,Electronics,Low,1240,0.7
11671,46.1,526,Pickup,No,Appliances,Low,950,2.2
11672,26.4,816,Truck,Yes,Grocery,Medium,1730,3.0
11673,25.8,815,Truck,Yes,Appliances,Low,1550,2.4
11674,32.4,179,Truck,No,Grocery,Medium,1340,1.7
11675,21.5,148,Mini Truck,No,Furniture,Medium,710,1.4
11676,38.9,486,Pickup,No,Grocery,High,790,2.4
11677,9.1,112,E-Rickshaw Loader,No,Construction Material,Low,230,1.2
11678,21.6,535,Pickup,Yes,Furniture,Low,750,1.8
11679,70.6,304,Pickup,Yes,Electronics,Medium,1390,4.6
11680,47.4,729,Mini Truck,Yes,Clothing,Low,1550,3.3
11681,28.1,651,Pickup,No,Furniture,Low,750,2.2
11682,43.2,335,Truck,Yes,Grocery,Medium,1810,3.4
11683,59.0,103,Mini Truck,No,Construction Material,Medium,1460,2.8
11684,3.2,112,Truck,Yes,Clothing,High,870,1.5
11685,18.2,316,Pickup,No,Furniture,High,530,1.3
11686,13.1,430,Truck,Yes,Construction Material,Medium,1210,2.0
11687,6.4,235,Truck,Yes,Furniture,Low,990,2.1
11688,77.1,136,Mini Truck,Yes,Electronics,Medium,2300,4.4
11689,33.5,241,Mini Truck,No,Grocery,Medium,1180,2.2
11690,42.2,733,Mini Truck,Yes,Appliances,Medium,1420,3.0
11691,13.6,241,Pickup,Yes,Furniture,High,610,1.7
11692,17.9,185,Mini Truck,Yes,Furniture,Medium,910,2.6
11693,22.3,109,Pickup,No,Construction Material,Medium,580,1.6
11694,29.6,288,Pickup,No,Grocery,Low,740,1.8
11695,37.9,656,Pickup,No,Construction Material,High,700,2.7
11696,36.3,226,E-Rickshaw Loader,No,Appliances,Medium,510,1.7
11697,18.8,154,E-Rickshaw Loader,Yes,Appliances,Low,510,2.0
11698,60.5,337,Pickup,Yes,Grocery,Low,1280,3.2
11699,52.7,167,Truck,No,Grocery,Low,1730,2.4
11700,27.5,225,Mini Truck,Yes,Appliances,Low,1060,2.7
11701,22.9,284,Truck,No,Furniture,Medium,1260,1.7
11702,17.7,202,Mini Truck,No,Grocery,Low,630,1.1
11703,29.7,517,Pickup,No,Grocery,High,710,2.1
11704,50.9,183,Mini Truck,Yes,Electronics,High,1530,3.9
11705,23.3,171,Mini Truck,Yes,Appliances,Medium,1100,2.5
11706,14.5,153,E-Rickshaw Loader,No,Clothing,Medium,300,1.1
11707,22.9,73,Mini Truck,Yes,Grocery,Medium,950,2.3
11708,27.9,496,Pickup,No,Appliances,Low,690,1.6
11709,8.5,299,Mini Truck,No,Grocery,Low,560,1.0
11710,6.7,434,Mini Truck,No,Appliances,Medium,520,0.9
11711,14.8,393,Pickup,No,Electronics,High,500,0.9
11712,60.4,197,E-Rickshaw Loader,Yes,Electronics,High,950,4.1
11713,49.1,298,Mini Truck,Yes,Electronics,High,1600,4.0
11714,5.3,505,Mini Truck,No,Construction Material,Medium,480,0.8
11715,10.3,82,E-Rickshaw Loader,No,Electronics,High,230,1.0
11716,37.5,222,Truck,No,Furniture,Medium,1510,2.1
11717,16.3,254,E-Rickshaw Loader,No,Appliances,Low,300,1.1
11718,30.8,192,Mini Truck,No,Appliances,Medium,970,1.5
11719,5.6,189,Truck,No,Construction Material,High,680,1.3
11720,22.6,343,Pickup,Yes,Appliances,Low,780,2.2
11721,20.9,757,Pickup,No,Appliances,Low,610,1.4
11722,42.3,419,Pickup,No,Construction Material,Low,880,2.1
11723,29.6,149,Pickup,Yes,Grocery,Low,860,2.7
11724,24.8,184,E-Rickshaw Loader,No,Appliances,Low,390,1.7
11725,4.3,762,Mini Truck,No,Construction Material,Medium,510,0.8
11726,72.1,204,E-Rickshaw Loader,No,Furniture,High,830,4.0
11727,35.7,770,Mini Truck,No,Grocery,High,1030,2.7
11728,12.6,349,Truck,No,Grocery,High,930,1.2
11729,24.4,106,Truck,No,Appliances,Low,1260,1.6
11730,16.7,705,Mini Truck,Yes,Construction Material,Low,1050,1.7
11731,19.2,149,Pickup,Yes,Appliances,Low,700,2.2
11732,48.6,433,Mini Truck,Yes,Clothing,High,1580,3.5
11733,10.3,335,Mini Truck,No,Electronics,Low,570,0.9
11734,36.7,459,Mini Truck,No,Clothing,Medium,1050,2.2
11735,49.9,453,Pickup,No,Electronics,Low,1040,2.8
11736,32.9,295,Truck,No,Grocery,Low,1300,1.9
11737,19.9,105,Mini Truck,No,Clothing,Low,740,1.7
11738,11.9,168,Pickup,No,Construction Material,Medium,390,1.2
11739,13.3,98,Pickup,No,Appliances,Low,450,0.8
11740,24.7,70,Pickup,No,Electronics,Low,560,1.2
11741,23.3,646,Truck,No,Clothing,Medium,1220,1.8
11742,39.8,327,Mini Truck,No,Electronics,Medium,980,2.0
11743,6.0,269,Mini Truck,No,Construction Material,Medium,500,0.5
11744,48.2,208,E-Rickshaw Loader,No,Grocery,High,630,2.8
11745,102.7,545,Pickup,No,Construction Material,Medium,1700,5.0
11746,21.4,830,Mini Truck,No,Furniture,Low,820,1.2
11747,19.0,145,E-Rickshaw Loader,No,Grocery,Medium,290,1.7
11748,20.4,421,Pickup,No,Construction Material,Medium,530,1.6
11749,24.1,615,Mini Truck,No,Construction Material,Medium,830,1.7
11750,17.9,361,Pickup,Yes,Construction Material,High,810,2.4
11751,3.3,514,Mini Truck,No,Grocery,High,470,0.9
11752,20.0,104,Pickup,No,Appliances,Medium,530,1.6
11753,25.2,199,E-Rickshaw Loader,No,Appliances,Low,410,1.3
11754,51.6,547,Pickup,No,Grocery,High,1270,3.5
11755,10.2,452,Truck,No,Grocery,Medium,960,1.2
11756,65.2,585,Truck,Yes,Construction Material,Medium,2180,4.0
11757,16.9,236,Truck,Yes,Furniture,High,1270,2.4
11758,11.3,123,Mini Truck,No,Electronics,Medium,610,0.7
11759,35.7,98,E-Rickshaw Loader,Yes,Electronics,Medium,630,3.1
11760,15.4,84,Mini Truck,No,Electronics,Medium,640,1.3
11761,21.7,416,Mini Truck,No,Construction Material,Low,750,0.8
11762,22.8,215,Truck,Yes,Grocery,Medium,1310,2.9
11763,34.3,248,E-Rickshaw Loader,No,Furniture,Medium,550,1.7
11764,21.2,699,Mini Truck,No,Appliances,Low,760,1.5
11765,19.5,544,Pickup,Yes,Appliances,Medium,770,2.6
11766,16.6,463,Pickup,No,Appliances,Medium,480,0.6
11767,32.0,168,Mini Truck,Yes,Grocery,Medium,1060,2.8
11768,14.8,195,Mini Truck,Yes,Furniture,High,810,2.4
11769,52.7,167,Pickup,Yes,Furniture,Low,1150,3.6
11770,23.0,119,Pickup,No,Electronics,Medium,520,1.9
11771,4.6,275,Mini Truck,No,Electronics,Medium,460,1.0
11772,27.9,609,Mini Truck,Yes,Appliances,Medium,960,2.5
11773,31.1,262,Truck,Yes,Appliances,High,1630,3.1
11774,53.1,160,Truck,No,Clothing,Low,2080,3.0
11775,12.4,262,Mini Truck,Yes,Clothing,Medium,780,2.2
11776,10.9,341,Pickup,No,Construction Material,Medium,420,0.9
11777,35.1,201,Mini Truck,No,Clothing,Medium,980,2.3
11778,47.5,277,Mini Truck,No,Appliances,Medium,1440,2.9
11779,11.9,481,Pickup,No,Construction Material,Medium,470,0.9
11780,27.2,82,Truck,Yes,Furniture,Low,1390,2.4
11781,21.5,34,E-Rickshaw Loader,No,Furniture,Medium,380,1.4
11782,12.3,323,Truck,Yes,Construction Material,Medium,1350,2.1
11783,20.6,403,Mini Truck,No,Electronics,Medium,750,1.4
11784,45.3,267,Mini Truck,No,Appliances,Medium,1230,2.4
11785,23.0,129,Mini Truck,Yes,Construction Material,Medium,1040,2.6
11786,19.8,801,Truck,No,Construction Material,Low,1080,1.0
11787,33.8,309,Mini Truck,Yes,Furniture,Low,1050,2.7
11788,48.0,335,Mini Truck,No,Grocery,Low,1260,2.1
11789,10.0,262,E-Rickshaw Loader,No,Grocery,High,240,1.4
11790,28.0,258,Mini Truck,Yes,Clothing,High,1070,2.6
11791,17.0,239,Pickup,Yes,Grocery,High,750,2.3
11792,23.1,801,Mini Truck,No,Appliances,High,880,1.2
11793,35.7,58,Mini Truck,Yes,Construction Material,Low,1230,2.7
11794,18.1,387,Mini Truck,Yes,Construction Material,Medium,930,2.1
11795,21.1,165,E-Rickshaw Loader,No,Appliances,High,340,1.7
11796,42.9,213,E-Rickshaw Loader,Yes,Appliances,Medium,760,3.5
11797,30.6,267,Mini Truck,No,Electronics,Low,1040,1.8
11798,20.7,232,E-Rickshaw Loader,No,Clothing,Medium,420,1.6
11799,24.8,149,E-Rickshaw Loader,No,Furniture,Low,430,1.3
11800,23.5,268,E-Rickshaw Loader,No,Grocery,Low,390,2.0
11801,4.2,302,Truck,No,Furniture,Medium,680,0.5
11802,25.1,475,Mini Truck,No,Construction Material,High,1010,1.6
11803,7.4,408,Pickup,No,Grocery,Medium,380,0.7
11804,47.2,32,Pickup,Yes,Construction Material,Medium,1120,3.4
11805,7.2,146,Pickup,No,Construction Material,Medium,320,0.9
11806,16.4,166,Mini Truck,Yes,Construction Material,High,900,2.0
11807,14.0,128,Mini Truck,No,Electronics,Low,610,1.1
11808,58.8,185,Pickup,Yes,Appliances,Medium,1200,4.2
11809,45.9,334,Pickup,No,Construction Material,Low,900,2.3
11810,2.0,242,E-Rickshaw Loader,No,Grocery,Medium,200,0.5
11811,22.2,93,Mini Truck,No,Appliances,Low,840,1.4
11812,8.6,305,Mini Truck,No,Electronics,High,480,0.8
11813,25.1,372,Pickup,No,Construction Material,Low,570,1.1
11814,35.1,215,E-Rickshaw Loader,Yes,Clothing,Low,690,2.7
11815,26.7,196,E-Rickshaw Loader,Yes,Furniture,Medium,580,2.3
11816,36.6,257,Truck,Yes,Grocery,Medium,1750,2.9
11817,18.4,131,Pickup,No,Clothing,Medium,480,1.5
11818,27.3,391,Mini Truck,No,Electronics,Low,890,1.7
11819,35.7,136,Mini Truck,Yes,Grocery,Low,1220,3.0
11820,15.9,367,Pickup,No,Construction Material,Medium,440,0.8
11821,11.1,159,Pickup,Yes,Construction Material,Medium,590,1.8
11822,13.4,437,Pickup,No,Clothing,High,430,1.5
11823,20.5,169,Mini Truck,Yes,Appliances,Medium,1010,1.8
11824,22.6,810,Mini Truck,Yes,Grocery,Medium,1060,2.3
11825,28.4,303,Mini Truck,Yes,Clothing,Medium,1070,2.6
11826,12.4,65,Mini Truck,No,Clothing,Medium,540,0.8
11827,36.4,264,E-Rickshaw Loader,No,Electronics,High,530,2.3
11828,67.4,260,Truck,Yes,Appliances,Low,2500,3.5
11829,14.1,461,Mini Truck,Yes,Appliances,Medium,980,2.1
11830,91.5,593,Pickup,No,Electronics,Medium,1600,3.8
11831,73.2,315,Truck,No,Construction Material,Medium,2690,3.5
11832,22.6,87,Mini Truck,Yes,Clothing,Medium,1060,2.2
11833,20.1,338,Mini Truck,No,Grocery,Low,730,1.5
11834,13.3,737,Mini Truck,Yes,Appliances,Low,920,1.5
11835,40.0,278,Truck,Yes,Clothing,Low,1770,3.2
11836,23.7,408,Mini Truck,Yes,Construction Material,High,960,2.8
11837,25.5,150,Pickup,No,Electronics,High,700,2.1
11838,11.3,73,Pickup,No,Grocery,Low,380,0.9
11839,40.8,264,Truck,No,Grocery,Low,1540,2.0
11840,18.9,308,Pickup,Yes,Clothing,Low,690,1.9
11841,9.2,642,Pickup,No,Construction Material,Low,400,1.1
11842,21.3,323,Mini Truck,No,Furniture,Medium,750,1.4
11843,11.9,608,Mini Truck,No,Electronics,Low,680,0.8
11844,53.1,210,Mini Truck,No,Grocery,Medium,1500,2.7
11845,72.6,85,Truck,Yes,Clothing,Medium,2230,4.6
11846,21.8,425,Pickup,Yes,Clothing,Low,900,1.9
11847,45.1,791,Pickup,Yes,Grocery,Medium,1370,3.1
11848,44.3,187,Pickup,No,Furniture,Medium,840,2.8
11849,2.0,471,Truck,Yes,Electronics,Low,870,1.2
11850,13.4,484,Mini Truck,No,Electronics,Medium,660,1.5
11851,24.5,255,Pickup,Yes,Clothing,Low,780,2.1
11852,16.2,499,Truck,No,Furniture,Low,1170,0.8
11853,12.6,390,Truck,No,Grocery,Low,990,1.4
11854,46.3,499,Truck,No,Construction Material,High,1710,3.4
11855,15.7,442,Truck,No,Appliances,Medium,1060,1.1
11856,28.4,281,Pickup,Yes,Appliances,Medium,880,2.9
11857,43.7,308,Mini Truck,No,Appliances,High,1010,2.8
11858,55.2,630,Mini Truck,No,Clothing,Low,1310,2.6
11859,9.2,337,Truck,Yes,Clothing,High,1030,1.9
11860,9.9,166,Mini Truck,No,Clothing,Medium,560,1.0
11861,26.3,258,Mini Truck,No,Appliances,Medium,880,1.7
11862,3.2,407,Mini Truck,No,Appliances,Medium,490,0.7
11863,10.4,603,Pickup,Yes,Grocery,Medium,650,1.7
11864,49.6,72,Mini Truck,No,Grocery,High,1120,2.9
11865,34.5,248,Truck,Yes,Grocery,High,1600,2.8
11866,20.5,573,Truck,No,Construction Material,Low,1110,0.9
11867,31.1,148,E-Rickshaw Loader,No,Clothing,Low,440,1.7
11868,36.1,149,Pickup,No,Appliances,Low,760,1.7
11869,6.6,305,Pickup,Yes,Grocery,Low,590,1.2
11870,15.5,66,Mini Truck,No,Grocery,Medium,620,1.0
11871,54.0,935,Truck,Yes,Appliances,Low,2420,3.2
11872,26.6,404,Pickup,No,Electronics,Medium,690,1.6
11873,27.7,470,Mini Truck,No,Electronics,Medium,890,2.1
11874,21.8,660,Truck,Yes,Clothing,High,1350,2.3
11875,4.3,1290,Mini Truck,Yes,Furniture,Low,870,1.9
11876,13.9,282,Mini Truck,No,Grocery,Low,670,0.9
11877,29.9,71,Mini Truck,Yes,Electronics,Low,1130,2.6
11878,15.8,378,Mini Truck,Yes,Furniture,High,830,1.9
11879,9.5,157,Pickup,No,Construction Material,Medium,400,1.4
11880,10.6,108,Mini Truck,No,Grocery,High,540,1.4
11881,54.7,202,Mini Truck,No,Grocery,High,1250,3.5
11882,15.1,278,Truck,No,Electronics,High,1000,1.8
11883,47.8,668,Mini Truck,Yes,Clothing,Low,1370,3.3
11884,27.8,951,Mini Truck,No,Electronics,Medium,990,1.9
11885,18.8,122,Pickup,No,Grocery,High,550,1.2
11886,12.1,215,Mini Truck,No,Electronics,Low,550,0.5
11887,35.1,203,E-Rickshaw Loader,Yes,Grocery,Medium,700,2.6
11888,44.1,501,Pickup,Yes,Grocery,Medium,1220,2.8
11889,37.4,135,Mini Truck,No,Construction Material,Medium,940,2.0
11890,7.2,573,Truck,No,Appliances,High,770,1.2
11891,15.1,166,E-Rickshaw Loader,No,Appliances,Medium,290,1.0
11892,16.5,130,Pickup,Yes,Construction Material,Medium,650,2.0
11893,3.4,441,Truck,No,Furniture,Medium,730,0.8
11894,30.9,681,Pickup,Yes,Construction Material,Medium,990,2.7
11895,33.9,378,Mini Truck,No,Furniture,Medium,910,1.9
11896,33.2,333,Mini Truck,Yes,Clothing,High,1070,3.4
11897,29.6,282,Mini Truck,Yes,Grocery,High,1020,2.9
11898,17.7,319,Pickup,Yes,Appliances,Medium,750,2.2
11899,11.7,253,Pickup,No,Appliances,Medium,440,1.7
11900,17.6,451,Mini Truck,Yes,Grocery,Low,940,2.5
11901,28.0,319,Mini Truck,No,Grocery,Low,930,1.6
11902,50.7,206,E-Rickshaw Loader,No,Construction Material,Low,640,2.5
11903,23.7,389,Mini Truck,Yes,Electronics,Medium,1020,2.2
11904,23.1,253,E-Rickshaw Loader,Yes,Appliances,Low,640,1.7
11905,3.8,124,Mini Truck,Yes,Grocery,Low,650,1.7
11906,29.3,139,Pickup,No,Furniture,Low,670,1.4
11907,53.1,401,Truck,Yes,Clothing,Medium,2170,3.8
11908,20.6,194,Pickup,No,Electronics,Low,490,1.9
11909,19.5,346,Pickup,No,Furniture,Medium,540,1.0
11910,16.8,707,Pickup,Yes,Construction Material,Medium,820,1.5
11911,35.9,101,Pickup,No,Construction Material,Medium,870,1.9
11912,3.6,266,Truck,Yes,Construction Material,High,920,1.8
11913,47.9,74,Truck,No,Construction Material,Low,1760,2.6
11914,18.9,356,Pickup,No,Furniture,High,540,1.7
11915,29.6,83,Mini Truck,Yes,Grocery,Medium,1190,2.7
11916,37.8,99,Mini Truck,Yes,Grocery,Low,1260,2.8
11917,10.5,881,Truck,No,Appliances,Medium,940,1.1
11918,22.1,178,Mini Truck,No,Furniture,High,720,2.0
11919,18.6,130,Pickup,Yes,Electronics,Medium,660,2.0
11920,8.5,704,Pickup,No,Appliances,Low,440,0.9
11921,43.9,129,Mini Truck,No,Appliances,High,1130,2.5
11922,17.5,178,E-Rickshaw Loader,Yes,Appliances,Medium,600,2.2
11923,8.2,393,Mini Truck,No,Furniture,Medium,540,1.0
11924,23.1,547,Pickup,Yes,Construction Material,High,880,3.2
11925,6.2,111,Mini Truck,Yes,Grocery,Medium,640,1.3
11926,15.8,148,E-Rickshaw Loader,Yes,Clothing,Low,470,2.2
11927,27.6,179,Mini Truck,No,Furniture,Medium,910,1.6
11928,5.6,154,Mini Truck,Yes,Electronics,High,720,1.9
11929,34.4,522,Mini Truck,No,Grocery,Low,950,2.0
11930,23.9,280,E-Rickshaw Loader,No,Furniture,Low,380,1.4
11931,38.0,438,Mini Truck,No,Clothing,Low,1030,1.7
11932,37.7,70,Mini Truck,No,Appliances,Low,1080,1.7
11933,15.4,349,Mini Truck,No,Clothing,Low,680,1.2
11934,15.7,781,Mini Truck,No,Grocery,High,710,1.2
11935,31.1,1136,Mini Truck,No,Appliances,High,970,2.1
11936,9.2,205,Truck,No,Furniture,Low,950,0.6
11937,9.2,556,Pickup,Yes,Electronics,Medium,700,1.9
11938,13.7,151,Truck,No,Grocery,Medium,820,1.0
11939,6.8,73,Mini Truck,Yes,Furniture,Low,710,1.5
11940,8.1,78,E-Rickshaw Loader,Yes,Furniture,Low,390,2.0
11941,8.3,239,E-Rickshaw Loader,Yes,Grocery,Low,420,1.7
11942,17.5,218,Pickup,No,Appliances,Medium,520,1.5
11943,16.9,184,Mini Truck,Yes,Appliances,Medium,900,1.9
11944,41.8,510,Mini Truck,No,Grocery,Low,1160,2.2
11945,17.7,95,Mini Truck,Yes,Furniture,Low,810,2.1
11946,20.9,424,Mini Truck,No,Furniture,High,820,1.4
11947,64.4,252,Mini Truck,Yes,Grocery,Medium,1590,4.1
11948,2.1,742,Pickup,Yes,Electronics,Medium,630,1.4
11949,25.8,213,Pickup,No,Furniture,High,620,2.0
11950,18.9,268,Mini Truck,No,Construction Material,Low,720,0.9
11951,27.6,77,E-Rickshaw Loader,Yes,Construction Material,Medium,580,2.3
11952,14.4,799,Pickup,No,Electronics,Medium,510,0.9
11953,17.7,225,Mini Truck,No,Clothing,Medium,620,1.1
11954,49.2,908,Mini Truck,Yes,Clothing,High,1750,3.7
11955,30.8,54,Truck,No,Grocery,Medium,1340,2.0
11956,18.3,369,Truck,Yes,Furniture,Low,1260,2.1
11957,12.0,1093,Mini Truck,No,Appliances,Low,670,1.1
11958,9.1,178,Mini Truck,No,Construction Material,Medium,520,0.7
11959,15.2,351,Mini Truck,No,Electronics,Medium,720,1.2
11960,19.6,728,Mini Truck,Yes,Construction Material,Low,920,2.4
11961,64.3,228,E-Rickshaw Loader,Yes,Grocery,Medium,1020,4.2
11962,24.5,74,Pickup,No,Construction Material,High,650,2.0
11963,13.1,201,Truck,No,Grocery,Low,950,0.9
11964,2.1,373,Pickup,No,Grocery,High,290,0.6
11965,11.7,369,Mini Truck,Yes,Clothing,Low,820,1.9
11966,15.2,490,Mini Truck,No,Construction Material,Medium,640,1.0
11967,26.2,145,Pickup,No,Furniture,Medium,640,1.7
11968,15.6,463,Pickup,No,Furniture,Medium,490,1.3
11969,66.2,150,Pickup,No,Electronics,Low,1210,2.9
11970,18.6,219,E-Rickshaw Loader,No,Grocery,High,350,1.3
11971,42.8,234,E-Rickshaw Loader,No,Electronics,Low,610,2.0
11972,5.2,356,Truck,Yes,Construction Material,Medium,1000,1.3
11973,21.2,111,Pickup,Yes,Electronics,Medium,780,2.4
11974,11.8,740,Mini Truck,Yes,Clothing,Medium,970,2.1
11975,43.5,193,Pickup,No,Clothing,Medium,920,2.3
11976,16.4,408,Truck,No,Furniture,Medium,1130,2.0
11977,50.1,348,Pickup,No,Construction Material,Low,1070,2.2
11978,34.1,347,Mini Truck,Yes,Appliances,Medium,1120,2.7
11979,14.8,67,Truck,Yes,Electronics,Low,1390,2.1
11980,9.0,180,Truck,Yes,Appliances,Low,1060,1.9
11981,12.4,405,Pickup,No,Construction Material,Medium,430,1.3
11982,17.7,72,Truck,Yes,Construction Material,Medium,1250,2.4
11983,34.0,252,Mini Truck,Yes,Furniture,Low,1070,2.4
11984,21.8,325,Mini Truck,No,Clothing,Medium,790,1.6
11985,38.1,473,Pickup,Yes,Grocery,Medium,1000,2.7
11986,52.6,242,E-Rickshaw Loader,Yes,Clothing,Medium,910,3.9
11987,22.6,258,Mini Truck,Yes,Clothing,Medium,1000,2.6
11988,9.9,361,Mini Truck,Yes,Construction Material,High,750,2.2
11989,28.5,246,Mini Truck,No,Electronics,Medium,780,1.8
11990,70.8,141,Mini Truck,Yes,Furniture,Medium,1870,4.6
11991,39.6,199,Mini Truck,Yes,Furniture,Low,1290,2.9
11992,27.0,401,Pickup,No,Appliances,Medium,660,2.1
11993,11.0,260,Mini Truck,No,Furniture,Medium,560,1.0
11994,19.1,768,Pickup,No,Grocery,Medium,550,1.3
11995,5.5,107,Mini Truck,No,Electronics,High,450,1.0
11996,8.5,392,Mini Truck,Yes,Appliances,Low,780,1.4
11997,28.9,438,Truck,No,Grocery,Medium,1430,1.8
11998,4.4,208,E-Rickshaw Loader,No,Appliances,Low,200,0.7
11999,17.0,233,E-Rickshaw Loader,No,Clothing,Medium,340,1.0
12000,7.7,295,Pickup,No,Appliances,High,380,1.0
12001,8.9,296,Pickup,No,Furniture,Medium,390,1.1
12002,22.9,603,Pickup,No,Electronics,Medium,690,1.8
12003,12.4,49,Truck,No,Furniture,Medium,800,0.7
12004,6.4,138,Pickup,Yes,Grocery,Low,590,1.9
12005,14.4,362,Pickup,No,Clothing,Low,440,0.6
12006,6.2,617,Mini Truck,No,Furniture,Medium,530,0.6
12007,48.1,146,Mini Truck,No,Furniture,Medium,1230,3.1
12008,35.2,114,Mini Truck,No,Construction Material,Medium,900,2.1
12009,35.1,268,E-Rickshaw Loader,No,Electronics,Low,530,1.6
12010,11.4,139,Mini Truck,No,Grocery,Medium,600,0.7
12011,29.5,270,E-Rickshaw Loader,No,Furniture,High,470,1.8
12012,25.3,141,E-Rickshaw Loader,No,Clothing,Low,360,1.3
12013,12.2,479,Truck,No,Construction Material,Medium,870,1.4
12014,20.8,145,Pickup,Yes,Construction Material,Medium,700,2.4
12015,5.2,60,Mini Truck,No,Electronics,High,490,1.1
12016,9.2,480,Pickup,Yes,Electronics,Medium,640,1.5
12017,20.4,300,Pickup,Yes,Clothing,Medium,660,1.8
12018,15.0,213,Truck,Yes,Clothing,Medium,1380,2.2
12019,27.8,218,E-Rickshaw Loader,No,Construction Material,Low,480,1.6
12020,12.4,326,Mini Truck,Yes,Construction Material,Medium,760,1.7
12021,16.8,114,Truck,No,Furniture,Medium,1000,1.6
12022,21.6,83,Mini Truck,No,Appliances,Medium,730,1.8
12023,11.6,144,Truck,No,Clothing,Low,940,1.4
12024,16.6,234,E-Rickshaw Loader,Yes,Construction Material,Low,530,1.7
12025,25.2,134,Pickup,No,Appliances,Low,570,1.8
12026,56.9,528,Pickup,Yes,Furniture,Medium,1460,3.9
12027,11.7,144,Mini Truck,No,Clothing,High,650,1.0
12028,15.1,309,Truck,Yes,Appliances,Low,1220,2.2
12029,39.3,419,Pickup,Yes,Electronics,Low,1020,2.6
12030,45.8,670,Mini Truck,Yes,Furniture,High,1670,3.5
12031,31.5,454,Pickup,No,Clothing,Medium,610,2.2
12032,45.0,1163,Mini Truck,Yes,Furniture,High,1500,3.5
12033,11.1,649,Mini Truck,Yes,Appliances,Low,930,1.9
12034,42.2,582,Truck,No,Furniture,High,1880,2.6
12035,36.0,121,Mini Truck,No,Construction Material,High,990,2.4
12036,8.8,437,Pickup,Yes,Grocery,Low,720,1.8
12037,17.0,244,E-Rickshaw Loader,No,Electronics,Low,270,1.0
12038,2.7,246,Pickup,Yes,Appliances,Low,530,1.5
12039,23.9,214,Pickup,No,Clothing,Low,590,1.3
12040,41.7,119,Pickup,No,Grocery,High,810,2.4
12041,14.5,187,Truck,No,Electronics,Medium,1040,0.9
12042,9.7,138,Mini Truck,No,Clothing,Medium,520,0.7
12043,9.1,49,Mini Truck,No,Appliances,High,480,0.9
12044,21.4,209,E-Rickshaw Loader,Yes,Clothing,Medium,580,2.4
12045,31.3,304,Truck,No,Construction Material,Medium,1410,1.6
12046,57.7,313,Mini Truck,Yes,Electronics,Low,1550,3.5
12047,2.5,283,E-Rickshaw Loader,Yes,Appliances,Medium,370,1.6
12048,53.3,614,Mini Truck,No,Clothing,High,1330,3.5
12049,24.8,335,Mini Truck,No,Grocery,Low,740,1.3
12050,40.5,286,E-Rickshaw Loader,No,Grocery,Medium,510,2.3
12051,34.7,469,Mini Truck,No,Construction Material,Medium,1090,1.8
12052,22.3,161,Mini Truck,No,Appliances,Medium,690,1.2
12053,21.7,681,Pickup,No,Clothing,Medium,600,1.6
12054,28.3,381,Truck,Yes,Appliances,High,1370,3.3
12055,18.0,278,Truck,No,Grocery,Low,1190,1.4
12056,19.1,566,Mini Truck,No,Construction Material,Medium,740,1.1
12057,32.3,306,Mini Truck,Yes,Appliances,High,1270,2.7
12058,11.6,497,Pickup,Yes,Electronics,Low,780,2.0
12059,43.0,102,Mini Truck,Yes,Grocery,Medium,1210,3.4
12060,40.7,311,Mini Truck,Yes,Construction Material,Medium,1270,3.1
12061,15.2,170,E-Rickshaw Loader,No,Appliances,Low,310,1.1
12062,32.5,1137,Mini Truck,Yes,Furniture,Medium,1300,2.9
12063,29.8,722,Truck,Yes,Electronics,Medium,1720,2.4
12064,14.0,350,Mini Truck,No,Electronics,High,640,1.6
12065,34.1,226,E-Rickshaw Loader,No,Electronics,Medium,420,2.1
12066,55.7,173,Mini Truck,No,Electronics,High,1460,3.2
12067,43.9,207,Pickup,No,Construction Material,Low,870,2.1
12068,6.3,38,Pickup,No,Appliances,Low,290,1.7
12069,30.5,480,Pickup,Yes,Construction Material,High,1050,2.9
12070,39.4,33,Pickup,No,Electronics,High,760,2.7
12071,13.3,190,Mini Truck,No,Appliances,Low,580,1.3
12072,43.0,99,Mini Truck,No,Construction Material,Medium,990,2.5
12073,12.1,604,Pickup,Yes,Electronics,Medium,740,1.8
12074,17.8,1065,Truck,No,Grocery,Medium,1150,1.2
12075,12.5,534,Truck,No,Clothing,High,850,1.2
12076,10.9,471,Truck,Yes,Clothing,Medium,1180,1.8
12077,28.3,353,Pickup,No,Construction Material,Low,700,1.9
12078,6.9,331,Mini Truck,No,Furniture,Medium,520,1.3
12079,18.6,147,Truck,No,Clothing,Low,1180,1.7
12080,28.3,69,Mini Truck,Yes,Electronics,Medium,1010,2.5
12081,12.6,256,E-Rickshaw Loader,Yes,Clothing,Medium,550,2.2
12082,47.8,177,E-Rickshaw Loader,No,Construction Material,High,640,3.1
12083,19.7,382,Mini Truck,No,Electronics,High,780,1.3
12084,61.4,423,Truck,Yes,Electronics,Low,2620,3.2
12085,6.2,505,Mini Truck,Yes,Furniture,Medium,890,1.6
12086,29.1,315,Mini Truck,Yes,Electronics,Medium,1040,2.6
12087,25.2,135,E-Rickshaw Loader,Yes,Furniture,Low,560,2.1
12088,16.4,413,Mini Truck,No,Construction Material,Medium,700,1.6
12089,22.4,483,Truck,Yes,Construction Material,High,1410,2.9
12090,32.1,237,Pickup,Yes,Construction Material,Medium,870,2.7
12091,36.2,484,Mini Truck,Yes,Construction Material,Medium,1150,3.3
12092,20.2,328,Truck,Yes,Clothing,Medium,1370,2.4
12093,29.3,117,Pickup,No,Appliances,Medium,690,1.3
12094,11.6,1305,Mini Truck,Yes,Electronics,Medium,1050,1.4
12095,36.6,228,Pickup,Yes,Construction Material,High,870,3.3
12096,53.8,126,Mini Truck,Yes,Furniture,Low,1350,3.3
12097,38.5,169,Mini Truck,No,Furniture,Low,1060,1.7
12098,12.5,23,Mini Truck,Yes,Construction Material,Medium,750,2.0
12099,10.1,243,Mini Truck,Yes,Grocery,Medium,750,2.4
12100,85.9,747,Pickup,No,Clothing,Medium,1510,4.2
12101,51.6,349,Truck,Yes,Grocery,Low,2070,3.1
12102,36.2,155,Mini Truck,Yes,Furniture,Medium,1230,2.8
12103,56.1,290,Pickup,No,Appliances,Medium,1140,2.7
12104,21.9,292,Mini Truck,No,Furniture,Low,720,1.6
12105,35.8,232,Mini Truck,No,Electronics,Medium,1050,2.0
12106,47.5,578,Pickup,No,Electronics,Low,970,2.3
12107,18.0,388,Truck,No,Appliances,Low,950,1.1
12108,30.5,131,Truck,No,Grocery,Medium,1310,2.3
12109,44.1,567,Pickup,No,Grocery,Medium,920,2.1
12110,9.5,700,Truck,No,Clothing,Medium,1040,1.2
12111,16.6,397,Pickup,No,Construction Material,Medium,470,1.5
12112,43.5,252,Pickup,Yes,Appliances,Low,1040,2.8
12113,25.7,195,Pickup,No,Grocery,Medium,630,1.8
12114,23.4,861,Truck,Yes,Appliances,Medium,1540,2.3
12115,21.5,374,Mini Truck,No,Clothing,Low,710,1.6
12116,46.4,323,Pickup,No,Grocery,Medium,810,2.3
12117,10.4,106,Mini Truck,No,Grocery,Low,480,1.0
12118,15.8,143,Mini Truck,Yes,Appliances,Low,900,2.0
12119,6.8,80,E-Rickshaw Loader,Yes,Clothing,Medium,360,1.8
12120,17.6,249,Truck,Yes,Construction Material,Medium,1490,1.5
12121,24.9,191,Truck,No,Clothing,Medium,1200,1.5
12122,3.8,334,Mini Truck,Yes,Construction Material,Medium,710,1.7
12123,11.7,641,Truck,No,Furniture,Low,880,1.5
12124,25.7,486,Pickup,Yes,Electronics,Medium,890,2.7
12125,30.2,555,Truck,No,Construction Material,Medium,1550,2.0
12126,64.2,630,Mini Truck,No,Furniture,Medium,1530,3.1
12127,33.3,154,Mini Truck,No,Grocery,High,890,2.3
12128,19.6,218,Pickup,Yes,Clothing,Low,710,2.2
12129,24.4,194,Truck,No,Furniture,High,1210,2.3
12130,25.0,504,Mini Truck,No,Furniture,Medium,790,1.4
12131,15.8,103,Pickup,No,Appliances,Medium,510,1.2
12132,26.5,269,E-Rickshaw Loader,Yes,Construction Material,High,640,3.2
12133,15.2,211,Mini Truck,No,Furniture,Medium,700,1.2
12134,27.4,110,Mini Truck,Yes,Clothing,Low,1130,2.5
12135,21.4,219,Mini Truck,Yes,Construction Material,Medium,1080,2.0
12136,19.0,231,Truck,Yes,Electronics,Medium,1190,2.1
12137,19.4,258,E-Rickshaw Loader,Yes,Grocery,Medium,590,2.3
12138,37.0,267,Mini Truck,Yes,Furniture,Medium,1210,2.9
12139,34.7,626,Pickup,No,Appliances,Medium,780,2.1
12140,18.3,379,Truck,No,Grocery,Low,1010,1.3
12141,36.0,109,Truck,Yes,Construction Material,Medium,1980,2.9
12142,21.1,227,Mini Truck,No,Appliances,Low,710,1.2
12143,21.4,189,Mini Truck,No,Furniture,Medium,790,1.7
12144,15.8,312,Pickup,Yes,Furniture,Medium,630,2.1
12145,60.0,280,Mini Truck,No,Furniture,Medium,1430,3.0
12146,56.0,932,Truck,Yes,Furniture,Medium,2560,3.6
12147,13.3,553,Mini Truck,Yes,Construction Material,Low,910,1.6
12148,17.5,454,Pickup,No,Construction Material,High,480,1.8
12149,28.8,35,Mini Truck,No,Electronics,Medium,830,1.6
12150,32.5,538,Truck,No,Furniture,Medium,1480,1.7
12151,9.7,52,Pickup,Yes,Furniture,High,550,1.6
12152,11.1,204,Pickup,No,Appliances,High,360,0.7
12153,32.6,226,Mini Truck,No,Clothing,Low,930,2.3
12154,6.3,610,Truck,Yes,Construction Material,Medium,1060,1.7
12155,13.4,127,E-Rickshaw Loader,No,Electronics,Medium,280,0.9
12156,39.7,258,Pickup,No,Grocery,Low,880,1.9
12157,38.5,87,Pickup,No,Furniture,Low,820,1.7
12158,57.9,429,Pickup,No,Appliances,Medium,1130,3.1
12159,70.3,206,Mini Truck,No,Clothing,Medium,1680,3.5
12160,107.9,338,Mini Truck,Yes,Construction Material,High,2630,7.1
12161,17.1,20,Mini Truck,No,Construction Material,Low,700,1.0
12162,14.1,114,Mini Truck,No,Grocery,High,690,1.4
12163,29.6,345,Pickup,No,Electronics,High,640,2.1
12164,7.0,473,Truck,No,Electronics,Medium,800,0.7
12165,18.7,778,Mini Truck,Yes,Construction Material,Low,1110,2.2
12166,24.8,703,Truck,No,Furniture,Medium,1200,1.6
12167,31.1,182,Mini Truck,Yes,Furniture,Medium,1030,3.0
12168,33.4,333,Pickup,No,Construction Material,Medium,700,2.1
12169,18.3,511,Mini Truck,Yes,Appliances,Medium,980,2.1
12170,8.0,374,Pickup,No,Appliances,High,360,1.2
12171,9.6,228,Mini Truck,No,Furniture,Low,560,1.0
12172,3.3,169,E-Rickshaw Loader,No,Furniture,Medium,200,0.6
12173,14.5,740,Pickup,Yes,Construction Material,High,750,2.4
12174,6.8,290,Truck,No,Appliances,Medium,710,1.1
12175,15.3,436,Pickup,No,Appliances,Low,510,0.9
12176,29.4,361,Truck,Yes,Appliances,Low,1660,2.3
12177,8.1,174,Pickup,No,Construction Material,Medium,350,1.0
12178,23.8,607,Mini Truck,No,Electronics,Medium,850,1.5
12179,18.1,296,Mini Truck,Yes,Furniture,Low,930,2.0
12180,28.4,226,Mini Truck,No,Furniture,Low,950,1.4
12181,33.0,358,Pickup,Yes,Construction Material,Medium,970,2.8
12182,17.3,655,Pickup,No,Furniture,Low,490,1.3
12183,22.4,247,E-Rickshaw Loader,No,Clothing,High,430,1.4
12184,18.2,337,Pickup,No,Clothing,Medium,560,1.3
12185,15.7,426,Mini Truck,Yes,Furniture,Medium,910,1.9
12186,12.9,499,Truck,Yes,Appliances,Low,1230,1.9
12187,31.0,245,Truck,Yes,Construction Material,High,1640,3.1
12188,51.5,270,Mini Truck,No,Appliances,Low,1230,2.6
12189,47.6,231,Mini Truck,Yes,Appliances,Low,1550,3.0
12190,7.5,423,Mini Truck,No,Electronics,Low,560,1.0
12191,50.9,296,Pickup,No,Grocery,Low,980,2.0
12192,10.6,307,Truck,Yes,Furniture,Medium,1160,2.2
12193,24.8,315,Mini Truck,No,Clothing,Medium,890,1.5
12194,27.9,99,Mini Truck,No,Grocery,Low,880,1.3
12195,5.8,300,E-Rickshaw Loader,No,Appliances,Medium,200,0.7
12196,19.7,239,Mini Truck,Yes,Electronics,Medium,980,2.6
12197,52.9,299,Mini Truck,No,Clothing,High,1340,3.4
12198,2.2,207,Truck,No,Appliances,Low,620,1.1
12199,90.1,127,Mini Truck,Yes,Construction Material,Low,2340,4.7
12200,3.1,340,Pickup,No,Furniture,Low,300,1.0
12201,27.5,406,Truck,No,Construction Material,Medium,1310,1.7
12202,6.1,181,E-Rickshaw Loader,Yes,Furniture,Medium,460,1.3
12203,30.5,193,Mini Truck,Yes,Furniture,Medium,1080,2.8
12204,46.3,196,E-Rickshaw Loader,No,Electronics,Low,580,2.3
12205,38.4,235,Mini Truck,Yes,Electronics,Medium,1290,3.1
12206,42.6,555,Truck,No,Clothing,Medium,1700,2.6
12207,18.3,452,Pickup,No,Grocery,Medium,510,1.5
12208,52.7,196,Truck,No,Clothing,Low,2130,2.5
12209,77.5,117,Pickup,No,Furniture,Medium,1250,3.9
12210,23.9,86,Truck,No,Furniture,Medium,1230,1.7
12211,16.7,593,Mini Truck,Yes,Furniture,Medium,970,1.7
12212,11.9,147,Truck,Yes,Electronics,High,1110,1.8
12213,36.7,169,E-Rickshaw Loader,Yes,Grocery,Medium,780,3.5
12214,43.9,310,Truck,Yes,Construction Material,Low,2230,2.8
12215,16.7,248,Mini Truck,No,Appliances,Low,680,1.4
12216,60.1,498,Pickup,No,Grocery,High,1210,3.5
12217,34.7,236,Truck,Yes,Furniture,Medium,1700,2.8
12218,23.7,467,Pickup,Yes,Electronics,Medium,850,1.9
12219,28.1,196,Truck,Yes,Appliances,Medium,1570,2.7
12220,9.8,290,E-Rickshaw Loader,No,Clothing,Low,250,0.8
12221,36.5,172,Mini Truck,No,Clothing,High,960,1.9
12222,10.4,471,Mini Truck,No,Furniture,Low,640,0.6
12223,15.1,271,E-Rickshaw Loader,No,Furniture,Medium,320,1.3
12224,21.2,20,Pickup,No,Furniture,Medium,530,1.3
12225,69.8,165,E-Rickshaw Loader,No,Appliances,Medium,830,3.3
12226,26.5,175,Mini Truck,Yes,Electronics,Medium,1070,2.4
12227,11.2,496,Pickup,No,Construction Material,Medium,420,0.5
12228,28.2,362,Mini Truck,No,Grocery,Medium,910,1.4
12229,33.3,430,Pickup,Yes,Construction Material,Medium,960,3.0
12230,48.6,293,Pickup,No,Electronics,Low,900,2.5
12231,22.0,674,Mini Truck,No,Construction Material,Medium,910,1.7
12232,12.7,90,E-Rickshaw Loader,No,Furniture,Medium,250,1.3
12233,81.7,627,Truck,Yes,Appliances,Medium,2800,5.0
12234,28.2,198,Truck,No,Furniture,Medium,1390,2.1
12235,11.3,49,Mini Truck,Yes,Furniture,Medium,760,2.0
12236,21.9,319,Mini Truck,No,Electronics,Low,810,1.4
12237,15.1,180,Truck,No,Appliances,Medium,1030,1.6
12238,50.6,419,Pickup,No,Electronics,Low,940,2.5
12239,33.1,290,E-Rickshaw Loader,No,Grocery,Medium,520,2.1
12240,17.7,273,Pickup,No,Furniture,Medium,480,1.2
12241,43.9,432,Mini Truck,Yes,Furniture,Low,1520,3.0
12242,20.6,196,E-Rickshaw Loader,No,Construction Material,Medium,330,1.2
12243,21.5,315,Mini Truck,Yes,Electronics,High,930,2.1
12244,12.4,267,Truck,Yes,Clothing,Medium,1090,1.5
12245,12.3,209,Truck,Yes,Clothing,High,1160,2.0
12246,78.3,938,Mini Truck,No,Appliances,High,1850,4.9
12247,42.6,290,E-Rickshaw Loader,Yes,Furniture,Medium,820,3.3
12248,3.9,390,Truck,No,Grocery,High,730,1.0
12249,10.1,481,Mini Truck,No,Appliances,Medium,580,0.8
12250,8.4,250,E-Rickshaw Loader,Yes,Clothing,Medium,430,1.8
12251,23.4,263,E-Rickshaw Loader,No,Furniture,High,350,2.3
12252,16.3,883,Truck,Yes,Grocery,Medium,1250,2.3
12253,57.2,172,Mini Truck,No,Appliances,Low,1320,2.5
12254,17.5,882,Truck,No,Grocery,Low,1100,0.8
12255,73.3,504,Truck,No,Appliances,Medium,2740,3.4
12256,21.1,196,Mini Truck,No,Grocery,Medium,700,1.7
12257,83.4,163,Mini Truck,No,Furniture,Low,1720,3.6
12258,19.2,879,Mini Truck,No,Furniture,High,680,2.0
12259,19.5,598,Pickup,Yes,Furniture,Medium,840,2.2
12260,41.9,280,Mini Truck,Yes,Electronics,Medium,1330,2.8
12261,38.0,216,Mini Truck,Yes,Appliances,Low,1150,2.7
12262,7.2,197,Mini Truck,Yes,Construction Material,Low,700,1.7
12263,23.8,270,Truck,No,Clothing,Low,1170,1.4
12264,16.1,289,Mini Truck,Yes,Construction Material,Medium,960,2.1
12265,15.3,349,Mini Truck,No,Grocery,Medium,630,1.3
12266,23.7,143,Mini Truck,No,Electronics,Medium,880,1.1
12267,18.0,190,Mini Truck,Yes,Appliances,Low,910,1.9
12268,25.5,259,Mini Truck,No,Grocery,High,810,2.2
12269,9.8,684,Pickup,Yes,Grocery,Low,680,2.2
12270,5.7,376,Mini Truck,No,Appliances,Low,500,0.5
12271,43.0,101,E-Rickshaw Loader,No,Grocery,High,570,2.4
12272,47.4,149,Pickup,No,Appliances,Low,860,2.5
12273,41.3,872,Mini Truck,No,Appliances,Medium,1230,2.8
12274,23.0,678,Mini Truck,Yes,Electronics,Low,1170,2.3
12275,17.0,234,Truck,Yes,Furniture,Low,1350,2.0
12276,13.7,438,Mini Truck,No,Appliances,Medium,630,1.0
12277,11.7,404,Mini Truck,No,Grocery,Low,650,1.3
12278,21.1,311,Mini Truck,No,Furniture,Low,780,1.3
12279,46.7,165,Mini Truck,Yes,Grocery,Medium,1380,3.8
12280,12.8,65,E-Rickshaw Loader,No,Construction Material,Medium,250,1.2
12281,46.7,556,Pickup,Yes,Clothing,High,1280,3.8
12282,6.0,411,Pickup,Yes,Appliances,High,510,1.5
12283,26.5,167,Mini Truck,Yes,Appliances,Medium,1150,2.3
12284,30.4,277,E-Rickshaw Loader,No,Appliances,Low,470,1.5
12285,14.9,617,Pickup,Yes,Furniture,Medium,720,2.0
12286,9.2,367,Pickup,Yes,Clothing,Medium,580,2.1
12287,39.3,303,Truck,Yes,Electronics,Low,1770,3.0
12288,23.1,84,Pickup,Yes,Electronics,Medium,790,2.3
12289,99.4,272,Mini Truck,Yes,Clothing,High,2430,5.8
12290,47.1,133,Pickup,Yes,Grocery,Medium,1080,3.2
12291,47.4,283,Mini Truck,Yes,Appliances,Medium,1390,3.4
12292,2.0,613,Pickup,Yes,Furniture,Low,580,1.5
12293,13.0,479,Pickup,Yes,Clothing,Medium,830,2.4
12294,8.3,671,Mini Truck,No,Furniture,Low,670,1.3
12295,3.1,255,E-Rickshaw Loader,No,Furniture,High,200,1.0
12296,21.8,107,E-Rickshaw Loader,Yes,Grocery,Low,520,2.0
12297,38.7,247,Pickup,No,Grocery,High,850,2.6
12298,10.0,175,E-Rickshaw Loader,No,Grocery,Medium,230,1.1
12299,3.3,187,E-Rickshaw Loader,No,Appliances,Medium,200,1.1
12300,10.8,543,Pickup,Yes,Construction Material,High,740,1.7
12301,19.9,72,Truck,No,Electronics,Low,1090,1.5
12302,18.8,360,Mini Truck,No,Furniture,Low,710,1.4
12303,22.6,609,Mini Truck,No,Grocery,High,790,1.6
12304,30.0,723,Pickup,Yes,Grocery,Medium,940,3.0
12305,22.2,641,Truck,Yes,Construction Material,Medium,1450,1.9
12306,40.1,182,Pickup,No,Electronics,Low,860,2.6
12307,10.2,190,E-Rickshaw Loader,No,Clothing,Medium,260,1.4
12308,18.2,938,Mini Truck,Yes,Furniture,Low,1090,2.0
12309,33.4,222,E-Rickshaw Loader,Yes,Construction Material,Medium,760,2.7
12310,27.3,558,Pickup,Yes,Construction Material,Medium,810,2.5
12311,67.9,151,Mini Truck,Yes,Electronics,Medium,1790,4.1
12312,10.6,283,Truck,Yes,Appliances,Low,1050,1.7
12313,33.8,45,Mini Truck,No,Construction Material,Medium,1100,2.2
12314,13.6,269,Mini Truck,No,Construction Material,Medium,610,1.0
12315,12.4,162,Truck,Yes,Grocery,Medium,1180,2.2
12316,45.3,481,Pickup,Yes,Appliances,Medium,1240,3.2
12317,22.0,478,Pickup,Yes,Clothing,Low,800,2.5
12318,27.0,421,Pickup,Yes,Grocery,High,940,3.1
12319,14.4,169,Mini Truck,Yes,Electronics,Medium,890,1.8
12320,15.1,673,Pickup,Yes,Furniture,Medium,810,1.5
12321,5.6,321,Truck,No,Furniture,Low,740,0.8
12322,25.5,508,Mini Truck,No,Appliances,Medium,770,1.7
12323,9.3,643,Mini Truck,Yes,Grocery,Low,960,1.4
12324,20.2,347,Pickup,No,Appliances,High,540,2.0
12325,40.1,98,Truck,No,Furniture,Medium,1730,2.2
12326,4.1,376,Truck,Yes,Grocery,Low,930,1.7
12327,116.0,271,Truck,Yes,Appliances,Low,4290,5.4
12328,12.2,156,E-Rickshaw Loader,No,Furniture,High,250,0.8
12329,20.6,783,Mini Truck,Yes,Construction Material,Medium,1080,2.6
12330,27.0,249,E-Rickshaw Loader,No,Appliances,Low,500,1.3
12331,11.8,459,Pickup,No,Appliances,High,390,1.4
12332,15.5,190,E-Rickshaw Loader,Yes,Appliances,Low,550,1.7
12333,46.3,376,Mini Truck,Yes,Appliances,Medium,1440,3.3
12334,37.2,229,Mini Truck,No,Construction Material,Medium,1090,2.1
12335,18.5,88,E-Rickshaw Loader,No,Electronics,High,320,1.5
12336,22.4,418,Pickup,No,Clothing,Medium,650,1.4
12337,24.8,251,Mini Truck,Yes,Appliances,Medium,970,2.6
12338,32.8,758,Pickup,Yes,Construction Material,Medium,1050,3.0
12339,34.4,186,Pickup,No,Electronics,Medium,790,2.4
12340,33.8,47,Pickup,No,Construction Material,Low,670,1.7
12341,16.3,121,Mini Truck,Yes,Clothing,Medium,860,1.8
12342,24.2,233,E-Rickshaw Loader,Yes,Electronics,Medium,560,2.5
12343,43.1,254,E-Rickshaw Loader,Yes,Clothing,Medium,790,3.3
12344,81.5,779,Pickup,No,Construction Material,Medium,1750,4.1
12345,23.7,274,Truck,Yes,Construction Material,Medium,1570,2.8
12346,14.7,501,Mini Truck,No,Electronics,Medium,700,1.2
12347,11.7,364,Mini Truck,No,Furniture,Medium,610,1.6
12348,34.0,197,Pickup,No,Construction Material,High,650,2.5
12349,5.3,319,Mini Truck,No,Construction Material,Medium,470,1.1
12350,34.2,238,E-Rickshaw Loader,Yes,Electronics,Medium,760,2.9
12351,34.7,750,Mini Truck,Yes,Electronics,Low,1280,2.6
12352,15.1,196,Truck,No,Grocery,Low,1020,1.0
12353,26.6,822,Mini Truck,No,Grocery,Medium,850,1.8
12354,19.0,186,Truck,No,Appliances,Low,1010,1.5
12355,6.9,238,Mini Truck,No,Clothing,High,580,0.9
12356,32.6,330,Pickup,Yes,Appliances,High,1090,2.9
12357,30.6,180,Truck,Yes,Grocery,Medium,1580,2.4
12358,16.0,298,E-Rickshaw Loader,No,Construction Material,Medium,300,1.4
12359,80.7,360,Mini Truck,No,Electronics,Medium,1720,3.7
12360,22.5,724,Pickup,No,Clothing,Medium,640,1.6
12361,3.7,46,E-Rickshaw Loader,Yes,Grocery,Medium,400,1.6
12362,44.6,188,Mini Truck,No,Clothing,Low,1110,2.2
12363,38.0,692,Pickup,No,Grocery,High,850,2.8
12364,41.0,234,Mini Truck,No,Furniture,Medium,1120,2.7
12365,9.8,234,Mini Truck,No,Furniture,Low,610,0.5
12366,26.1,178,E-Rickshaw Loader,No,Clothing,Medium,420,1.3
12367,22.2,493,Pickup,Yes,Electronics,Medium,750,2.5
12368,19.7,82,Mini Truck,Yes,Electronics,Low,950,2.5
12369,52.3,404,Pickup,No,Appliances,Low,1030,2.1
12370,22.7,977,Mini Truck,No,Construction Material,Low,800,1.5
12371,16.5,64,Mini Truck,Yes,Furniture,High,900,1.8
12372,16.3,497,Truck,Yes,Furniture,Low,1270,1.5
12373,9.2,115,Mini Truck,No,Electronics,Medium,540,1.5
12374,24.3,421,Mini Truck,Yes,Construction Material,Low,1070,2.4
12375,54.9,396,Mini Truck,Yes,Clothing,Medium,1570,3.3
12376,17.5,521,Pickup,No,Electronics,Medium,500,1.3
12377,27.1,212,Pickup,No,Appliances,High,660,1.8
12378,19.4,220,Mini Truck,Yes,Furniture,Medium,850,2.1
12379,21.0,530,Mini Truck,Yes,Electronics,Medium,1090,2.2
12380,39.1,210,Mini Truck,No,Appliances,Medium,1010,2.3
12381,9.1,572,Truck,No,Furniture,Medium,810,1.1
12382,5.9,33,Truck,No,Appliances,Low,820,0.6
12383,44.6,379,Truck,Yes,Clothing,Medium,1990,3.1
12384,14.8,548,Mini Truck,No,Furniture,Low,580,1.2
12385,16.6,275,Pickup,No,Grocery,High,490,1.3
12386,91.8,744,Mini Truck,Yes,Grocery,Medium,2450,5.1
12387,37.8,217,Pickup,No,Appliances,Medium,830,2.2
12388,11.0,369,Mini Truck,Yes,Grocery,Medium,770,1.9
12389,46.7,611,Mini Truck,No,Grocery,Medium,1200,2.5
12390,38.4,127,Mini Truck,No,Furniture,Medium,1070,2.5
12391,2.0,647,Pickup,No,Construction Material,Medium,340,0.8
12392,25.0,400,Pickup,Yes,Electronics,Low,770,2.8
12393,9.5,172,Mini Truck,Yes,Furniture,Low,670,1.7
12394,21.0,309,Pickup,No,Appliances,Low,610,1.5
12395,81.7,160,Truck,Yes,Electronics,Low,3100,4.7
12396,40.2,471,Pickup,Yes,Furniture,High,1010,3.2
12397,43.8,258,Pickup,No,Clothing,Medium,860,2.4
12398,19.5,235,E-Rickshaw Loader,No,Appliances,Low,400,1.6
12399,44.0,481,Mini Truck,No,Furniture,Low,1260,2.3
12400,12.5,270,Mini Truck,Yes,Furniture,Medium,810,1.9
12401,24.8,320,Pickup,Yes,Furniture,Medium,900,2.1
12402,39.0,215,E-Rickshaw Loader,No,Furniture,Medium,530,1.9
12403,38.2,44,Pickup,No,Construction Material,Medium,790,2.1
12404,6.2,96,Pickup,No,Construction Material,High,310,0.7
12405,70.6,190,Mini Truck,No,Construction Material,Low,1720,2.9
12406,10.6,201,Mini Truck,No,Grocery,Medium,590,0.6
12407,102.2,40,Pickup,No,Clothing,High,1730,5.4
12408,39.8,320,Pickup,No,Construction Material,Low,860,1.8
12409,37.5,286,Truck,Yes,Appliances,Medium,1920,3.0
12410,11.4,346,Mini Truck,No,Grocery,Low,610,0.9
12411,15.3,247,Mini Truck,No,Clothing,Medium,660,1.3
12412,67.0,482,Pickup,No,Grocery,Low,1280,3.0
12413,61.5,443,Mini Truck,No,Grocery,High,1630,3.2
12414,19.9,189,E-Rickshaw Loader,Yes,Appliances,High,510,2.7
12415,18.6,126,Mini Truck,Yes,Furniture,High,920,2.5
12416,19.1,241,Truck,No,Construction Material,Medium,960,1.4
12417,46.9,203,Pickup,No,Clothing,High,900,2.8
12418,43.9,77,E-Rickshaw Loader,No,Clothing,Medium,670,2.8
12419,29.4,275,E-Rickshaw Loader,No,Construction Material,Medium,430,1.6
12420,24.9,37,Pickup,Yes,Grocery,Low,680,2.5
12421,19.7,468,Pickup,No,Electronics,Medium,520,1.2
12422,97.1,294,E-Rickshaw Loader,Yes,Appliances,Medium,1450,5.8
12423,6.9,264,Mini Truck,No,Grocery,Low,500,1.0
12424,16.8,344,Mini Truck,No,Clothing,Medium,640,1.5
12425,28.0,687,Pickup,No,Furniture,High,750,2.1
12426,5.7,148,Truck,Yes,Electronics,Medium,980,1.8
12427,14.5,76,E-Rickshaw Loader,No,Grocery,Medium,260,1.2
12428,81.0,36,Truck,No,Construction Material,High,2590,4.4
12429,42.0,162,Pickup,No,Electronics,Low,970,2.4
12430,14.4,185,Truck,Yes,Furniture,High,1160,2.1
12431,14.0,492,Mini Truck,No,Furniture,Medium,570,1.2
12432,7.0,101,Truck,Yes,Electronics,Medium,1010,1.3
12433,16.0,73,Truck,Yes,Furniture,Low,1230,1.9
12434,33.1,551,Pickup,Yes,Electronics,Low,1090,2.7
12435,29.3,195,Truck,No,Clothing,Medium,1310,2.3
12436,16.6,346,Pickup,Yes,Grocery,Medium,740,2.1
12437,10.5,512,Pickup,No,Grocery,Medium,430,1.0
12438,19.5,709,Pickup,No,Appliances,Medium,570,1.3
12439,19.2,406,Mini Truck,Yes,Grocery,Medium,990,2.1
12440,38.5,178,Pickup,No,Appliances,Medium,830,2.7
12441,26.4,544,Mini Truck,Yes,Electronics,High,1170,2.5
12442,24.0,140,Mini Truck,No,Grocery,Medium,850,1.5
12443,49.6,682,Mini Truck,Yes,Grocery,High,1320,4.2
12444,61.2,169,Truck,No,Construction Material,Low,1920,3.1
12445,29.0,119,Mini Truck,Yes,Construction Material,Medium,1090,3.2
12446,29.5,316,Pickup,No,Electronics,Medium,680,2.1
12447,20.5,398,Pickup,No,Clothing,High,520,1.7
12448,11.3,124,Pickup,Yes,Grocery,Medium,580,2.0
12449,40.5,190,E-Rickshaw Loader,Yes,Furniture,Low,720,2.6
12450,35.4,430,Pickup,No,Construction Material,Medium,810,2.1
12451,21.8,353,Pickup,No,Clothing,Low,540,1.1
12452,26.5,413,Truck,No,Electronics,Low,1320,1.9
12453,47.4,691,Mini Truck,No,Furniture,Medium,1360,2.2
12454,52.7,381,Pickup,No,Clothing,High,960,3.2
12455,2.0,818,Mini Truck,Yes,Appliances,Low,680,1.2
12456,13.6,565,Pickup,No,Furniture,Low,450,1.3
12457,21.7,194,Mini Truck,No,Appliances,High,710,1.7
12458,9.1,712,Mini Truck,Yes,Grocery,Medium,850,1.8
12459,27.0,369,Mini Truck,No,Appliances,High,770,1.7
12460,14.2,640,Pickup,Yes,Construction Material,Low,830,2.3
12461,27.6,419,Truck,Yes,Appliances,Medium,1420,2.3
12462,14.5,954,Truck,Yes,Clothing,Low,1220,1.8
12463,15.0,119,Mini Truck,Yes,Furniture,High,830,2.1
12464,27.4,260,Mini Truck,Yes,Furniture,High,1070,2.9
12465,41.7,474,Mini Truck,No,Construction Material,High,1260,2.6
12466,34.0,341,Pickup,No,Furniture,Low,730,2.2
12467,21.9,141,Pickup,Yes,Grocery,High,730,2.5
12468,4.1,269,E-Rickshaw Loader,No,Appliances,High,200,1.2
12469,14.7,290,Mini Truck,No,Electronics,Medium,690,1.0
12470,13.5,598,Mini Truck,Yes,Grocery,Medium,780,2.1
12471,36.9,448,Pickup,Yes,Grocery,High,1040,3.1
12472,25.1,530,Truck,No,Construction Material,Medium,1470,1.6
12473,25.8,112,Truck,Yes,Electronics,Low,1390,2.0
12474,11.7,299,Mini Truck,Yes,Electronics,High,810,2.3
12475,54.1,539,Mini Truck,Yes,Appliances,Medium,1740,4.0
12476,25.6,596,Truck,Yes,Clothing,High,1600,3.0
12477,11.1,560,Pickup,No,Clothing,Medium,400,1.3
12478,11.8,170,Mini Truck,Yes,Clothing,Low,780,2.5
12479,28.3,66,Pickup,Yes,Grocery,Medium,750,2.6
12480,10.8,99,Mini Truck,Yes,Clothing,Medium,690,2.3
12481,13.6,310,Pickup,Yes,Grocery,Low,720,1.9
12482,8.8,334,Truck,No,Furniture,Medium,900,1.1
12483,36.7,309,Truck,No,Grocery,Low,1740,2.1
12484,11.0,115,Pickup,No,Furniture,Medium,420,0.6
12485,59.9,199,Mini Truck,Yes,Grocery,High,1640,4.4
12486,30.8,886,Truck,Yes,Electronics,Medium,1620,2.6
12487,8.7,401,Mini Truck,No,Construction Material,Medium,600,1.0
12488,33.8,294,Truck,Yes,Grocery,Medium,1760,2.6
12489,54.1,873,Mini Truck,Yes,Clothing,Medium,1790,3.7
12490,21.2,543,Pickup,No,Grocery,Medium,610,1.6
12491,58.2,216,Pickup,No,Appliances,Medium,1180,2.8
12492,31.2,403,Pickup,No,Furniture,High,640,2.2
12493,14.2,80,Mini Truck,Yes,Clothing,Medium,730,1.9
12494,81.8,60,Pickup,Yes,Construction Material,High,1500,5.8
12495,6.8,259,Mini Truck,No,Appliances,High,510,1.1
12496,17.5,109,Mini Truck,No,Grocery,Low,650,1.0
12497,21.9,200,Mini Truck,Yes,Electronics,Medium,1040,2.6
12498,73.2,375,Truck,Yes,Furniture,High,2690,5.0
12499,37.2,758,Truck,Yes,Electronics,High,2180,3.3
12500,33.1,411,Pickup,No,Grocery,Medium,830,1.8
12501,12.5,218,Truck,No,Appliances,Medium,940,1.2
12502,20.6,1044,Mini Truck,Yes,Electronics,Medium,1020,2.5
12503,14.5,328,Mini Truck,No,Furniture,Low,670,1.1
12504,32.4,601,Truck,No,Electronics,High,1360,2.6
12505,48.6,636,Pickup,Yes,Furniture,High,1160,4.1
12506,93.7,293,E-Rickshaw Loader,Yes,Appliances,Medium,1310,5.1
12507,15.8,21,Truck,Yes,Appliances,Low,1150,2.0
12508,6.6,180,Mini Truck,Yes,Electronics,High,720,1.4
12509,17.8,188,Truck,No,Electronics,Medium,1090,1.1
12510,44.4,300,Truck,No,Appliances,Low,1620,1.8
12511,11.3,253,E-Rickshaw Loader,No,Furniture,Low,260,0.6
12512,22.5,264,Truck,Yes,Construction Material,Low,1270,2.1
12513,33.4,315,Mini Truck,No,Appliances,Medium,1010,2.0
12514,16.0,360,Mini Truck,Yes,Grocery,Low,780,2.0
12515,26.4,64,Mini Truck,No,Furniture,Low,820,1.3
12516,10.4,355,Truck,No,Electronics,High,860,1.3
12517,50.9,203,E-Rickshaw Loader,No,Appliances,High,700,3.1
12518,18.8,1054,Mini Truck,Yes,Furniture,Low,1040,2.1
12519,25.9,346,Mini Truck,No,Grocery,Low,800,0.7
12520,4.2,575,Mini Truck,Yes,Clothing,Medium,750,1.6
12521,9.2,469,Mini Truck,No,Appliances,Low,580,1.1
12522,43.4,163,Pickup,Yes,Grocery,Low,990,2.4
12523,15.9,363,Pickup,Yes,Electronics,Medium,740,2.1
12524,10.8,592,Pickup,No,Construction Material,High,510,0.9
12525,6.1,795,Truck,Yes,Electronics,High,1070,2.1
12526,50.2,794,Pickup,No,Electronics,High,940,2.8
12527,36.2,743,Pickup,Yes,Clothing,Medium,1090,3.5
12528,34.6,495,Truck,Yes,Furniture,Medium,1580,3.2
12529,63.4,222,E-Rickshaw Loader,No,Furniture,Medium,790,3.3
12530,17.5,503,Truck,No,Electronics,Medium,1050,1.0
12531,6.7,143,Mini Truck,No,Grocery,Medium,510,0.8
12532,23.4,445,Truck,Yes,Clothing,Medium,1280,2.6
12533,71.1,136,Pickup,No,Clothing,Low,1120,3.2
12534,23.8,179,E-Rickshaw Loader,Yes,Construction Material,Low,610,2.0
12535,47.8,57,Mini Truck,Yes,Construction Material,High,1460,4.1
12536,6.9,422,Truck,Yes,Construction Material,Medium,890,1.7
12537,12.3,767,Mini Truck,No,Electronics,Low,720,1.1
12538,41.7,347,Pickup,No,Grocery,Medium,910,2.6
12539,25.5,315,Mini Truck,No,Construction Material,Low,800,1.7
12540,20.9,190,Mini Truck,No,Furniture,Low,750,1.6
12541,47.4,615,Mini Truck,No,Electronics,Low,1090,2.5
12542,41.3,686,Mini Truck,No,Grocery,Medium,1220,2.2
12543,26.0,84,Truck,No,Construction Material,Low,1180,1.5
12544,2.0,371,Mini Truck,No,Grocery,Medium,410,1.0
12545,22.7,279,E-Rickshaw Loader,No,Clothing,Low,380,1.1
12546,30.5,221,Mini Truck,No,Grocery,Low,1000,1.4
12547,4.4,71,E-Rickshaw Loader,No,Appliances,High,200,1.0
12548,29.8,130,Pickup,No,Grocery,Medium,650,1.8
12549,48.8,744,Pickup,No,Construction Material,Medium,960,2.2
12550,22.7,191,E-Rickshaw Loader,Yes,Furniture,Low,590,2.4
12551,9.8,729,Pickup,No,Electronics,Low,430,1.1
12552,2.0,99,E-Rickshaw Loader,Yes,Appliances,High,340,2.2
12553,30.2,596,Truck,No,Electronics,Low,1420,1.7
12554,5.0,888,Truck,Yes,Electronics,High,1080,2.2
12555,34.4,180,E-Rickshaw Loader,Yes,Construction Material,Medium,620,3.1
12556,69.0,272,Truck,Yes,Furniture,Medium,2550,3.8
12557,12.8,382,Mini Truck,Yes,Construction Material,Medium,840,1.9
12558,19.1,430,Pickup,No,Electronics,Medium,540,1.4
12559,71.5,231,E-Rickshaw Loader,No,Grocery,Low,830,3.1
12560,24.7,644,Mini Truck,No,Clothing,Medium,810,1.4
12561,16.0,481,Mini Truck,No,Construction Material,High,760,1.6
12562,44.4,151,Mini Truck,No,Grocery,Low,1100,2.1
12563,16.7,209,E-Rickshaw Loader,No,Construction Material,Medium,330,1.6
12564,12.1,287,E-Rickshaw Loader,No,Clothing,Medium,260,1.4
12565,34.0,496,Pickup,No,Clothing,Medium,660,2.0
12566,46.7,162,Pickup,No,Electronics,Low,910,2.1
12567,12.0,170,Pickup,Yes,Electronics,High,640,1.9
12568,26.2,65,Pickup,Yes,Grocery,Medium,780,2.5
12569,19.8,702,Truck,No,Electronics,High,1000,1.7
12570,22.2,575,Truck,No,Furniture,High,1020,1.6
12571,9.9,384,Pickup,No,Furniture,Low,430,0.8
12572,35.8,95,Truck,Yes,Clothing,Low,1690,2.7
12573,59.7,782,Pickup,No,Construction Material,High,1210,3.8
12574,11.8,489,Mini Truck,Yes,Grocery,Medium,860,2.0
12575,35.8,230,Pickup,No,Construction Material,Low,700,1.9
12576,43.7,411,Mini Truck,No,Clothing,High,1160,2.8
12577,26.0,281,Truck,Yes,Grocery,Medium,1310,2.0
12578,34.8,490,Mini Truck,Yes,Grocery,Medium,1350,2.8
12579,12.9,139,Pickup,Yes,Furniture,Medium,630,1.6
12580,57.6,39,Mini Truck,No,Construction Material,High,1460,3.3
12581,46.9,458,Pickup,Yes,Grocery,Low,1290,2.8
12582,50.5,511,Truck,No,Grocery,Medium,1870,2.5
12583,8.5,65,Mini Truck,No,Grocery,Medium,480,0.7
12584,31.8,22,Mini Truck,No,Construction Material,High,920,2.8
12585,13.7,387,Mini Truck,No,Construction Material,Medium,690,1.2
12586,60.7,469,Mini Truck,Yes,Grocery,Medium,1540,4.3
12587,12.0,272,E-Rickshaw Loader,No,Furniture,Medium,270,1.3
12588,26.8,147,Mini Truck,Yes,Construction Material,Medium,1100,2.7
12589,3.1,726,Pickup,No,Appliances,Medium,340,0.9
12590,26.7,440,Mini Truck,No,Clothing,High,940,2.5
12591,8.6,696,Truck,Yes,Appliances,Medium,1020,1.9
12592,33.0,118,Truck,Yes,Furniture,High,1760,2.6
12593,20.2,767,Mini Truck,Yes,Electronics,Medium,1020,2.2
12594,17.1,428,Mini Truck,Yes,Construction Material,Low,800,1.7
12595,61.7,758,Pickup,No,Electronics,Medium,1160,2.9
12596,85.5,496,Mini Truck,Yes,Furniture,Low,2050,4.6
12597,6.4,343,Pickup,Yes,Grocery,Medium,560,1.2
12598,17.5,300,Mini Truck,No,Electronics,Medium,620,1.4
12599,39.7,185,Pickup,No,Electronics,High,810,2.2
12600,29.3,302,Pickup,No,Appliances,Low,650,1.6
12601,38.2,502,Mini Truck,No,Electronics,High,1240,2.7
12602,21.3,276,E-Rickshaw Loader,Yes,Furniture,High,590,2.3
12603,48.2,162,Mini Truck,No,Furniture,Low,1250,2.0
12604,26.0,85,Pickup,Yes,Clothing,High,780,2.6
12605,30.5,272,E-Rickshaw Loader,No,Clothing,Low,510,1.8
12606,8.6,61,Mini Truck,No,Furniture,Low,530,1.0
12607,24.1,229,E-Rickshaw Loader,Yes,Electronics,High,670,2.6
12608,39.9,97,Pickup,No,Clothing,Medium,870,2.1
12609,28.2,549,Mini Truck,No,Electronics,Medium,890,1.7
12610,24.9,229,E-Rickshaw Loader,Yes,Appliances,Medium,640,2.6
12611,31.9,253,Truck,Yes,Construction Material,Low,1730,2.5
12612,25.9,79,E-Rickshaw Loader,No,Electronics,Medium,430,1.8
12613,21.8,650,Pickup,No,Appliances,Low,620,1.3
12614,40.8,371,Mini Truck,No,Electronics,Low,1020,1.8
12615,20.7,381,Pickup,Yes,Electronics,High,780,2.9
12616,8.1,102,E-Rickshaw Loader,Yes,Electronics,High,410,2.0
12617,60.0,55,Pickup,No,Clothing,Medium,1100,3.2
12618,14.1,161,Pickup,Yes,Furniture,Low,690,1.9
12619,6.1,225,Truck,No,Grocery,Medium,740,1.2
12620,34.6,157,Pickup,No,Furniture,High,740,2.1
12621,64.9,992,Mini Truck,No,Appliances,Low,1610,3.1
12622,35.1,662,Truck,No,Grocery,Low,1620,1.9
12623,54.5,313,Mini Truck,No,Electronics,High,1530,3.3
12624,10.9,172,Truck,Yes,Construction Material,Medium,1140,1.8
12625,8.2,120,Pickup,No,Clothing,Low,360,1.2
12626,17.4,302,Truck,Yes,Clothing,Low,1190,1.6
12627,45.9,175,E-Rickshaw Loader,Yes,Grocery,High,730,4.1
12628,33.0,215,Mini Truck,Yes,Clothing,Medium,1190,3.0
12629,34.7,432,Mini Truck,No,Grocery,Low,1000,1.8
12630,24.9,202,Pickup,No,Furniture,High,620,1.8
12631,17.7,119,Mini Truck,Yes,Appliances,High,840,2.3
12632,25.7,432,Mini Truck,No,Construction Material,Low,940,1.6
12633,20.2,52,E-Rickshaw Loader,Yes,Construction Material,Medium,480,2.6
12634,16.8,84,Pickup,No,Appliances,Low,470,1.3
12635,29.9,139,Mini Truck,No,Construction Material,Medium,880,1.9
12636,18.8,189,Mini Truck,Yes,Furniture,Low,980,2.1
12637,27.6,503,Truck,Yes,Appliances,Medium,1560,2.1
12638,3.6,80,Mini Truck,No,Electronics,Medium,410,0.5
12639,26.0,254,Truck,No,Grocery,Medium,1280,2.0
12640,18.7,394,Mini Truck,Yes,Electronics,Medium,900,2.3
12641,56.4,370,Pickup,No,Electronics,Low,1070,2.8
12642,5.8,261,E-Rickshaw Loader,No,Clothing,High,210,1.1
12643,24.6,260,Mini Truck,No,Grocery,Low,980,1.6
12644,40.3,184,Mini Truck,No,Construction Material,Medium,1060,2.5
12645,20.8,276,E-Rickshaw Loader,No,Appliances,Low,360,1.1
12646,18.2,178,Pickup,No,Grocery,Medium,510,1.5
12647,40.2,157,Truck,Yes,Construction Material,Low,1850,2.9
12648,32.5,148,Mini Truck,Yes,Clothing,Low,1230,2.9
12649,34.2,143,Mini Truck,Yes,Clothing,Medium,1340,1.9
12650,16.8,847,Mini Truck,No,Construction Material,Low,700,1.8
12651,15.2,663,Pickup,No,Grocery,Medium,520,1.5
12652,27.6,547,Pickup,Yes,Grocery,Low,910,2.4
12653,42.4,445,Pickup,No,Grocery,Low,900,1.9
12654,7.2,158,E-Rickshaw Loader,Yes,Grocery,Medium,440,1.6
12655,21.4,213,Mini Truck,No,Clothing,Low,840,1.5
12656,15.7,69,Pickup,Yes,Furniture,Low,680,2.4
12657,23.3,256,Truck,Yes,Appliances,Low,1450,2.6
12658,37.8,93,Truck,No,Clothing,Low,1670,2.1
12659,11.8,351,Pickup,No,Electronics,Low,400,1.2
12660,35.0,168,Mini Truck,No,Furniture,Low,950,1.9
12661,17.2,373,Mini Truck,No,Clothing,Low,710,1.0
12662,46.8,145,Truck,No,Clothing,High,1930,2.7
12663,12.4,57,Pickup,Yes,Appliances,Low,580,2.1
12664,42.0,125,Mini Truck,No,Electronics,High,1100,2.9
12665,7.9,397,Mini Truck,No,Furniture,High,460,0.8
12666,26.3,415,Pickup,No,Appliances,Low,750,1.4
12667,35.5,386,Pickup,No,Electronics,Low,760,2.0
12668,12.7,347,Mini Truck,No,Clothing,Low,500,1.0
12669,16.1,313,Mini Truck,Yes,Furniture,Medium,900,1.9
12670,23.5,483,Pickup,Yes,Clothing,Medium,880,2.5
12671,18.2,23,Mini Truck,No,Furniture,Medium,670,1.5
12672,15.0,592,Pickup,No,Clothing,Medium,470,1.0
12673,40.6,250,Mini Truck,Yes,Construction Material,Low,1400,2.8
12674,50.0,485,Pickup,No,Appliances,High,1050,3.3
12675,48.1,294,Truck,No,Furniture,Medium,1900,3.0
12676,31.6,165,Pickup,Yes,Electronics,High,850,3.1
12677,34.5,235,Pickup,No,Furniture,Medium,710,1.9
12678,11.0,118,E-Rickshaw Loader,No,Appliances,Low,240,0.8
12679,21.9,137,E-Rickshaw Loader,Yes,Construction Material,High,540,2.5
12680,24.8,429,Mini Truck,No,Construction Material,Medium,880,1.6
12681,28.3,353,Pickup,Yes,Furniture,Medium,860,2.1
12682,27.9,50,Truck,No,Grocery,Medium,1220,1.4
12683,23.5,142,E-Rickshaw Loader,Yes,Grocery,High,600,2.0
12684,31.3,249,Pickup,No,Electronics,High,810,2.2
12685,27.1,295,Pickup,No,Clothing,Medium,610,2.0
12686,27.0,197,E-Rickshaw Loader,Yes,Furniture,Low,600,2.6
12687,13.4,345,Pickup,Yes,Construction Material,Medium,660,1.6
12688,8.9,42,Pickup,No,Appliances,High,370,0.8
12689,28.4,307,Mini Truck,Yes,Appliances,Medium,1150,2.3
12690,16.7,96,Pickup,No,Clothing,High,470,1.5
12691,13.9,259,Mini Truck,Yes,Electronics,Medium,810,2.2
12692,36.1,1098,Mini Truck,Yes,Construction Material,High,1630,3.5
12693,22.1,202,E-Rickshaw Loader,No,Furniture,Low,400,1.2
12694,54.7,564,Mini Truck,No,Furniture,Medium,1560,2.9
12695,33.6,304,Truck,No,Construction Material,Medium,1540,1.8
12696,12.7,796,Mini Truck,Yes,Appliances,Medium,930,1.9
12697,36.4,450,Mini Truck,No,Furniture,Low,1080,1.7
12698,30.3,615,Pickup,Yes,Furniture,High,1100,2.8
12699,12.3,393,Mini Truck,No,Construction Material,High,630,0.9
12700,15.2,200,Mini Truck,Yes,Electronics,Medium,750,1.3
12701,35.3,734,Mini Truck,Yes,Construction Material,Low,1460,2.6
12702,4.7,362,Truck,Yes,Electronics,Low,1080,1.7
12703,3.0,211,Pickup,Yes,Furniture,Medium,530,1.6
12704,26.0,165,E-Rickshaw Loader,No,Construction Material,Medium,370,1.3
12705,24.6,371,Mini Truck,No,Appliances,Low,850,0.9
12706,27.6,651,Truck,Yes,Clothing,Medium,1730,2.5
12707,24.7,418,Pickup,No,Clothing,Medium,620,1.4
12708,31.1,224,Pickup,Yes,Electronics,Medium,920,2.6
12709,50.4,193,E-Rickshaw Loader,Yes,Appliances,Medium,910,3.2
12710,23.1,526,Pickup,Yes,Grocery,Medium,800,2.0
12711,6.6,66,Mini Truck,No,Appliances,Low,490,1.1
12712,4.1,97,Mini Truck,No,Grocery,Low,400,0.9
12713,17.8,492,Pickup,Yes,Electronics,High,760,2.3
12714,18.2,93,Pickup,No,Electronics,Medium,470,1.6
12715,7.7,259,E-Rickshaw Loader,Yes,Construction Material,High,460,1.8
12716,2.4,328,Pickup,No,Furniture,Low,300,0.6
12717,16.8,127,Mini Truck,No,Appliances,Medium,690,1.7
12718,64.7,267,Truck,No,Electronics,Medium,2290,3.8
12719,30.2,331,Truck,Yes,Electronics,High,1660,2.7
12720,28.4,175,E-Rickshaw Loader,No,Electronics,High,500,2.1
12721,20.4,624,Truck,No,Furniture,Low,1280,1.4
12722,17.8,370,Mini Truck,Yes,Clothing,Low,870,2.3
12723,32.3,184,Mini Truck,Yes,Construction Material,Medium,1110,2.5
12724,8.6,633,Mini Truck,Yes,Clothing,High,810,2.1
12725,75.5,648,Pickup,No,Furniture,Medium,1360,3.6
12726,9.2,162,Pickup,Yes,Appliances,High,540,1.8
12727,34.3,233,E-Rickshaw Loader,No,Electronics,Low,520,1.5
12728,9.9,211,Pickup,Yes,Appliances,Medium,590,1.7
12729,25.1,379,Pickup,Yes,Furniture,Medium,860,2.2
12730,36.7,152,Mini Truck,No,Clothing,Low,900,1.7
12731,5.5,522,Mini Truck,No,Construction Material,Medium,450,1.0
12732,10.9,381,Mini Truck,Yes,Grocery,High,780,1.9
12733,11.5,153,E-Rickshaw Loader,No,Furniture,High,270,1.7
12734,18.9,491,Truck,Yes,Construction Material,Low,1410,2.0
12735,27.3,183,Truck,No,Furniture,Medium,1390,1.6
12736,65.5,51,Mini Truck,Yes,Grocery,Medium,1640,4.0
12737,15.1,125,Truck,No,Construction Material,Low,1040,1.1
12738,62.9,562,Mini Truck,No,Clothing,High,1700,3.8
12739,29.5,858,Truck,No,Appliances,Low,1520,1.6
12740,8.9,185,E-Rickshaw Loader,No,Electronics,Medium,210,0.7
12741,20.4,192,Pickup,No,Electronics,Medium,580,1.7
12742,6.7,258,Pickup,No,Grocery,Medium,350,1.2
12743,17.8,214,Pickup,No,Clothing,Low,520,1.1
12744,16.9,297,Pickup,Yes,Appliances,Low,830,2.4
12745,25.4,89,Mini Truck,No,Appliances,Medium,830,1.5
12746,34.3,197,Mini Truck,Yes,Appliances,Medium,1240,3.1
12747,21.6,348,Mini Truck,No,Appliances,Medium,780,1.3
12748,9.8,564,Pickup,No,Appliances,Low,410,1.5
12749,54.5,370,Truck,No,Grocery,Low,2050,2.1
12750,68.2,249,Mini Truck,Yes,Appliances,Medium,1760,4.0
12751,20.1,128,Pickup,No,Clothing,High,530,2.2
12752,28.6,587,Mini Truck,No,Furniture,Low,900,1.2
12753,19.3,78,Pickup,No,Furniture,Low,430,1.2
12754,25.6,95,Pickup,No,Electronics,Low,580,1.4
12755,26.5,456,Truck,No,Clothing,Low,1400,1.6
12756,7.8,501,Pickup,No,Construction Material,Low,400,0.9
12757,18.1,21,Mini Truck,No,Electronics,Medium,670,1.3
12758,44.4,251,Truck,Yes,Clothing,High,1960,3.8
12759,41.9,42,Mini Truck,No,Furniture,Low,1050,2.4
12760,17.8,263,E-Rickshaw Loader,No,Appliances,Medium,320,1.2
12761,26.9,222,Pickup,No,Clothing,Medium,630,1.3
12762,18.9,167,E-Rickshaw Loader,No,Appliances,High,330,1.4
12763,35.2,410,Mini Truck,No,Furniture,Medium,970,2.2
12764,5.4,419,Mini Truck,Yes,Appliances,High,720,1.7
12765,32.3,660,Pickup,Yes,Grocery,Medium,930,3.0
12766,56.9,677,Truck,Yes,Grocery,High,2610,4.7
12767,13.2,333,Mini Truck,No,Grocery,Medium,660,1.2
12768,52.0,178,Pickup,No,Construction Material,Low,840,2.4
12769,27.8,543,Mini Truck,No,Appliances,High,960,1.8
12770,21.6,525,Mini Truck,Yes,Construction Material,Medium,1010,2.3
12771,17.7,258,E-Rickshaw Loader,Yes,Appliances,Low,520,2.2
12772,53.2,332,Pickup,No,Electronics,High,1080,3.1
12773,18.9,261,Truck,Yes,Grocery,Medium,1300,2.3
12774,62.3,678,Mini Truck,No,Grocery,Low,1500,2.6
12775,57.8,221,Mini Truck,No,Electronics,Medium,1280,3.0
12776,15.9,171,Mini Truck,No,Appliances,Medium,700,0.9
12777,20.0,248,E-Rickshaw Loader,No,Clothing,Medium,380,1.3
12778,3.9,149,Pickup,Yes,Grocery,Low,490,1.9
12779,22.1,526,Mini Truck,Yes,Clothing,High,960,2.6
12780,24.1,332,Pickup,Yes,Grocery,High,840,2.6
12781,47.5,45,E-Rickshaw Loader,No,Furniture,Low,650,2.4
12782,59.8,411,Truck,Yes,Construction Material,Medium,2360,4.0
12783,37.4,255,Truck,Yes,Construction Material,Low,1880,2.8
12784,45.0,303,Mini Truck,No,Appliances,High,1200,2.9
12785,19.9,362,Truck,No,Furniture,High,1160,1.3
12786,8.3,200,Pickup,Yes,Grocery,Medium,620,1.4
12787,27.8,170,Truck,Yes,Furniture,High,1460,3.0
12788,47.0,454,Pickup,Yes,Furniture,Medium,1050,3.1
12789,2.0,106,Truck,No,Construction Material,Medium,650,0.8
12790,24.9,135,Truck,No,Electronics,Medium,1190,1.9
12791,4.5,161,Mini Truck,Yes,Clothing,Low,580,1.3
12792,12.4,581,Truck,Yes,Grocery,Low,1270,1.7
12793,25.6,696,Mini Truck,No,Electronics,Medium,880,1.6
12794,60.5,160,Pickup,Yes,Grocery,Low,1150,3.3
12795,23.2,137,Mini Truck,Yes,Furniture,Low,1080,2.0
12796,35.8,329,Mini Truck,Yes,Appliances,Low,1180,2.5
12797,27.6,255,E-Rickshaw Loader,Yes,Furniture,Medium,620,2.4
12798,13.0,533,Mini Truck,No,Furniture,High,680,1.4
12799,31.4,429,Truck,Yes,Construction Material,High,1710,3.0
12800,8.1,717,Pickup,No,Appliances,Medium,440,0.6
12801,22.9,143,Mini Truck,Yes,Appliances,Medium,830,2.8
12802,52.5,527,Truck,No,Electronics,Medium,1930,2.7
12803,26.1,222,Truck,Yes,Electronics,Low,1500,2.3
12804,27.6,130,Truck,Yes,Construction Material,Medium,1640,2.4
12805,17.8,219,Mini Truck,Yes,Appliances,Low,850,2.0
12806,5.8,237,Truck,No,Grocery,Medium,750,0.6
12807,19.4,654,Mini Truck,No,Grocery,Low,770,1.0
12808,40.6,73,Pickup,Yes,Furniture,Medium,1060,3.0
12809,30.1,164,Mini Truck,No,Furniture,Low,840,2.0
12810,8.5,318,Mini Truck,No,Construction Material,Low,570,1.0
12811,4.2,122,Pickup,Yes,Furniture,High,470,1.9
12812,12.9,847,Mini Truck,Yes,Electronics,Low,970,1.7
12813,19.5,935,Mini Truck,Yes,Electronics,Medium,1070,2.0
12814,20.6,299,Pickup,No,Grocery,Low,560,1.2
12815,20.8,455,Mini Truck,Yes,Furniture,Low,1020,2.3
12816,23.0,757,Mini Truck,Yes,Grocery,Medium,1210,2.6
12817,30.7,268,Mini Truck,Yes,Appliances,Medium,1120,2.6
12818,16.9,226,E-Rickshaw Loader,Yes,Furniture,Low,520,1.7
12819,10.7,109,E-Rickshaw Loader,No,Construction Material,High,260,1.4
12820,33.2,47,Pickup,Yes,Appliances,Medium,980,3.1
12821,41.2,571,Truck,Yes,Electronics,Medium,1880,3.3
12822,14.9,281,Pickup,No,Furniture,Low,490,1.5
12823,75.8,917,Mini Truck,No,Furniture,Medium,1700,3.3
12824,58.4,186,Pickup,Yes,Construction Material,Medium,1350,3.6
12825,9.1,101,Pickup,No,Construction Material,Low,390,0.9
12826,4.6,533,Truck,No,Electronics,Medium,750,0.5
12827,20.2,868,Mini Truck,No,Appliances,Low,860,1.6
12828,27.7,110,E-Rickshaw Loader,No,Clothing,Low,410,1.3
12829,75.1,141,Mini Truck,Yes,Electronics,Low,1920,4.4
12830,73.5,169,E-Rickshaw Loader,No,Clothing,High,930,4.1
12831,35.9,1107,Mini Truck,No,Electronics,Medium,1030,2.5
12832,17.2,439,Mini Truck,Yes,Construction Material,Medium,850,1.9
12833,48.8,173,E-Rickshaw Loader,No,Furniture,Low,660,1.8
12834,25.0,694,Pickup,Yes,Clothing,Low,870,2.3
12835,7.4,241,Pickup,Yes,Electronics,Low,510,1.8
12836,7.7,177,Truck,Yes,Construction Material,Medium,1070,1.5
12837,17.3,200,Truck,Yes,Furniture,Low,1390,2.4
12838,43.7,173,E-Rickshaw Loader,No,Clothing,Low,630,2.5
12839,9.8,311,Mini Truck,No,Furniture,Low,510,0.9
12840,17.2,421,Pickup,No,Furniture,High,520,1.5
12841,58.1,543,Pickup,No,Electronics,Medium,1090,3.1
12842,30.0,251,Mini Truck,No,Furniture,Low,860,1.8
12843,32.5,591,Truck,No,Clothing,Medium,1480,2.2
12844,44.7,303,Truck,No,Appliances,Medium,1740,2.1
12845,17.5,202,Mini Truck,No,Clothing,Low,670,1.6
12846,60.6,81,Pickup,No,Appliances,Low,1180,3.1
12847,36.6,243,Mini Truck,No,Furniture,High,1130,2.2
12848,21.1,789,Pickup,No,Furniture,Medium,590,1.9
12849,53.4,524,Mini Truck,Yes,Construction Material,High,1590,4.5
12850,35.5,419,Pickup,Yes,Appliances,Low,990,2.2
12851,22.6,119,Mini Truck,Yes,Construction Material,Medium,1000,2.5
12852,33.1,197,Pickup,Yes,Grocery,Low,940,2.8
12853,11.5,474,Pickup,Yes,Furniture,Medium,640,2.0
12854,49.0,559,Truck,Yes,Furniture,High,2110,4.1
12855,74.3,222,E-Rickshaw Loader,No,Grocery,Medium,830,3.8
12856,5.6,363,Mini Truck,No,Clothing,Low,430,0.9
12857,14.8,157,Pickup,Yes,Furniture,Medium,600,1.5
12858,13.8,188,E-Rickshaw Loader,No,Appliances,High,280,1.1
12859,38.2,196,E-Rickshaw Loader,No,Appliances,Medium,560,2.5
12860,26.7,565,Pickup,No,Appliances,Low,630,1.4
12861,16.6,243,Truck,No,Appliances,High,1030,1.4
12862,18.6,677,Pickup,Yes,Furniture,Medium,830,1.9
12863,15.4,224,Truck,No,Appliances,Low,1120,1.0
12864,35.0,220,Mini Truck,No,Grocery,Medium,1010,2.2
12865,26.4,284,Mini Truck,No,Appliances,Medium,860,1.7
12866,17.9,159,Mini Truck,Yes,Electronics,High,850,1.8
12867,15.6,135,Mini Truck,Yes,Grocery,Medium,950,1.9
12868,54.0,155,Mini Truck,No,Furniture,High,1410,3.6
12869,48.2,720,Pickup,Yes,Furniture,High,1160,4.1
12870,35.3,143,Pickup,No,Appliances,Medium,820,2.1
12871,44.9,222,Truck,Yes,Clothing,Low,2050,3.1
12872,7.5,1173,Truck,Yes,Construction Material,High,1250,1.6
12873,9.7,577,Truck,Yes,Construction Material,Medium,1200,2.2
12874,8.8,570,Pickup,No,Clothing,High,440,1.0
12875,23.1,1059,Mini Truck,No,Grocery,Low,830,1.1
12876,45.8,277,Mini Truck,No,Clothing,High,1170,2.5
12877,16.8,51,Mini Truck,No,Grocery,High,660,1.0
12878,50.0,534,Pickup,No,Construction Material,High,910,2.9
12879,14.7,255,Mini Truck,No,Appliances,Low,670,1.5
12880,20.9,756,Pickup,No,Grocery,Medium,590,2.1
12881,16.6,44,Pickup,Yes,Grocery,Low,630,2.3
12882,19.7,136,Truck,No,Appliances,Low,1060,0.9
12883,21.3,190,Pickup,Yes,Appliances,Low,750,1.9
12884,4.4,282,E-Rickshaw Loader,Yes,Appliances,High,410,1.3
12885,29.5,92,E-Rickshaw Loader,Yes,Construction Material,Medium,670,2.6
12886,21.0,391,Truck,Yes,Grocery,Medium,1490,2.1
12887,60.5,181,Mini Truck,Yes,Electronics,High,1530,4.6
12888,34.1,604,Pickup,Yes,Furniture,Medium,1060,2.8
12889,28.6,753,Truck,No,Clothing,High,1510,2.2
12890,58.2,232,Truck,No,Electronics,High,2050,3.7
12891,54.5,438,Pickup,Yes,Construction Material,Medium,1270,4.0
12892,62.3,301,Mini Truck,No,Appliances,Low,1460,2.6
12893,15.5,284,Mini Truck,No,Appliances,High,680,1.6
12894,8.6,85,Mini Truck,Yes,Furniture,Medium,720,1.6
12895,4.5,272,Pickup,No,Electronics,Medium,330,0.8
12896,44.5,562,Truck,Yes,Appliances,High,2000,3.4
12897,3.7,398,Mini Truck,No,Construction Material,Low,500,0.8
12898,26.7,139,Pickup,Yes,Clothing,Medium,850,2.9
12899,6.0,86,Mini Truck,No,Appliances,Medium,510,1.1
12900,48.8,265,E-Rickshaw Loader,Yes,Grocery,Low,830,3.2
12901,32.3,162,Pickup,No,Grocery,Low,780,1.7
12902,48.6,179,Mini Truck,Yes,Grocery,High,1390,3.8
12903,27.1,165,E-Rickshaw Loader,No,Construction Material,Low,410,1.9
12904,10.6,304,Pickup,No,Grocery,High,390,0.9
12905,16.3,460,Mini Truck,No,Clothing,Medium,670,1.4
12906,41.6,157,E-Rickshaw Loader,No,Appliances,Medium,650,2.6
12907,5.5,151,Truck,Yes,Electronics,High,990,1.7
12908,15.3,101,Pickup,No,Appliances,Medium,470,1.5
12909,13.6,343,Pickup,No,Construction Material,Medium,390,1.7
12910,21.5,553,Pickup,No,Appliances,Low,640,1.3
12911,34.9,275,Pickup,Yes,Furniture,Medium,900,2.8
12912,47.8,291,E-Rickshaw Loader,No,Electronics,Medium,650,2.7
12913,7.0,660,Mini Truck,No,Electronics,Low,520,1.0
12914,11.3,359,Truck,Yes,Electronics,Medium,1160,2.2
12915,7.8,142,Pickup,Yes,Furniture,Medium,600,2.0
12916,22.2,128,Mini Truck,Yes,Appliances,High,890,2.6
12917,8.7,149,Mini Truck,Yes,Grocery,Medium,680,1.3
12918,29.3,958,Truck,No,Appliances,High,1440,1.7
12919,52.0,1141,Mini Truck,Yes,Construction Material,Medium,1910,3.8
12920,4.6,225,Pickup,Yes,Furniture,High,500,1.5
12921,11.6,638,Pickup,Yes,Construction Material,Medium,670,2.1
12922,62.7,717,Mini Truck,No,Appliances,Medium,1570,3.4
12923,26.2,87,Truck,Yes,Construction Material,Medium,1450,2.5
12924,15.5,743,Pickup,No,Furniture,Medium,480,1.0
12925,105.3,247,Pickup,Yes,Appliances,High,1920,6.6
12926,18.5,238,Truck,No,Electronics,Low,940,1.3
12927,34.0,104,Truck,No,Clothing,Low,1460,1.5
12928,12.0,962,Truck,No,Grocery,High,910,1.4
12929,10.3,317,Mini Truck,No,Electronics,Medium,670,1.2
12930,35.4,676,Pickup,Yes,Electronics,Low,1100,2.7
12931,66.3,687,Mini Truck,Yes,Appliances,Medium,1910,4.2
12932,16.0,228,Mini Truck,Yes,Appliances,Medium,900,2.4
12933,9.7,226,E-Rickshaw Loader,No,Grocery,Medium,240,0.8
12934,44.0,176,Mini Truck,Yes,Electronics,High,1350,3.5
12935,16.1,194,Mini Truck,Yes,Furniture,Medium,890,2.1
12936,29.6,415,Pickup,No,Furniture,Medium,640,1.7
12937,15.6,513,Mini Truck,Yes,Construction Material,High,970,2.1
12938,17.7,49,Mini Truck,No,Electronics,High,770,1.1
12939,11.2,51,Truck,No,Furniture,Low,790,0.9
12940,36.0,198,E-Rickshaw Loader,No,Grocery,Medium,540,2.1
12941,30.2,372,Pickup,No,Clothing,Medium,660,1.7
12942,29.5,725,Mini Truck,No,Appliances,High,1000,2.4
12943,13.1,314,Pickup,No,Construction Material,Medium,450,1.3
12944,28.4,246,Mini Truck,Yes,Clothing,Medium,1240,2.6
12945,72.1,456,Mini Truck,No,Grocery,High,1900,4.1
12946,9.7,140,E-Rickshaw Loader,No,Grocery,Medium,210,0.6
12947,12.1,320,Mini Truck,Yes,Clothing,High,860,1.8
12948,12.7,271,Mini Truck,No,Clothing,High,640,1.3
12949,24.6,338,Pickup,Yes,Grocery,High,900,2.6
12950,9.1,664,Truck,No,Construction Material,High,920,0.9
12951,32.4,60,Truck,No,Appliances,Medium,1480,2.4
12952,4.1,283,Mini Truck,No,Construction Material,Low,420,1.0
12953,39.0,512,Mini Truck,Yes,Construction Material,Medium,1380,2.9
12954,29.1,434,Mini Truck,No,Clothing,High,900,2.2
12955,71.1,66,Truck,Yes,Furniture,High,2700,5.3
12956,10.1,50,Mini Truck,Yes,Construction Material,Medium,720,1.9
12957,45.1,486,Mini Truck,Yes,Appliances,Low,1490,3.0
12958,21.0,63,Truck,No,Grocery,Medium,1180,1.0
12959,18.0,324,Pickup,Yes,Electronics,Medium,760,2.1
12960,9.7,635,Truck,No,Construction Material,Low,860,0.8
12961,15.8,81,Pickup,Yes,Electronics,Medium,760,1.9
12962,16.4,588,Pickup,No,Construction Material,Low,530,1.1
12963,6.1,474,Pickup,No,Furniture,Medium,370,0.8
12964,28.9,1567,Truck,No,Construction Material,Low,1490,1.5
12965,26.3,204,Truck,No,Construction Material,High,1180,1.6
12966,33.9,748,Mini Truck,No,Grocery,Medium,1090,1.6
12967,14.2,223,Mini Truck,No,Grocery,Medium,640,1.4
12968,39.9,309,Mini Truck,No,Electronics,Medium,1170,2.7
12969,53.8,172,Truck,Yes,Electronics,Low,2060,3.3
12970,19.1,298,Mini Truck,Yes,Grocery,High,920,2.1
12971,10.3,577,Pickup,No,Electronics,Medium,440,1.3
12972,23.7,477,Pickup,Yes,Clothing,Medium,850,2.9
12973,22.9,144,Mini Truck,No,Clothing,Low,760,1.7
12974,19.9,346,Mini Truck,No,Electronics,Low,760,1.6
12975,33.9,191,Pickup,No,Furniture,Medium,800,1.7
12976,17.4,282,E-Rickshaw Loader,No,Furniture,Low,340,1.1
12977,9.6,636,Truck,Yes,Construction Material,Medium,1260,2.1
12978,25.3,205,E-Rickshaw Loader,Yes,Electronics,Medium,600,2.2
12979,35.1,420,Mini Truck,No,Furniture,Medium,1030,1.9
12980,37.0,136,Truck,No,Grocery,Low,1560,2.0
12981,16.5,673,Mini Truck,No,Appliances,High,690,1.6
12982,27.9,525,Pickup,No,Clothing,High,690,1.9
12983,54.5,158,Mini Truck,Yes,Appliances,Low,1720,3.3
12984,46.0,155,Truck,Yes,Furniture,Medium,2200,3.4
12985,5.7,777,Mini Truck,No,Furniture,Medium,580,0.8
12986,17.5,1100,Truck,Yes,Furniture,Low,1490,1.9
12987,52.2,164,E-Rickshaw Loader,No,Appliances,High,650,3.2
12988,5.7,580,Mini Truck,Yes,Electronics,Medium,890,1.5
12989,21.6,230,Mini Truck,No,Grocery,High,730,1.9
12990,14.1,778,Truck,Yes,Grocery,High,1440,2.2
12991,28.3,240,Pickup,No,Clothing,Medium,670,1.8
12992,2.7,496,Truck,No,Electronics,Medium,670,0.7
12993,49.0,338,Mini Truck,Yes,Construction Material,High,1330,4.1
12994,22.4,34,Pickup,No,Appliances,Medium,600,1.5
12995,9.1,145,Pickup,Yes,Grocery,Low,540,1.9
12996,12.5,489,Truck,No,Construction Material,Medium,880,1.4
12997,29.0,448,Pickup,Yes,Grocery,Medium,900,2.7
12998,11.7,372,Pickup,Yes,Clothing,High,650,1.6
12999,65.0,754,Pickup,No,Electronics,Medium,1270,3.2
13000,20.5,552,Truck,No,Furniture,Low,1190,1.1
13001,57.5,505,Mini Truck,Yes,Clothing,Low,1590,3.2
13002,25.3,33,Mini Truck,No,Grocery,High,810,2.1
13003,36.0,572,Pickup,Yes,Appliances,High,1170,3.3
13004,34.5,71,Mini Truck,Yes,Construction Material,Medium,1080,2.2
13005,15.5,299,Mini Truck,Yes,Construction Material,Low,900,2.0
13006,36.3,71,Truck,No,Furniture,Low,1400,1.7
13007,16.6,428,Truck,Yes,Clothing,Medium,1250,2.3
13008,5.2,261,E-Rickshaw Loader,No,Clothing,High,220,0.7
13009,19.2,280,Mini Truck,Yes,Construction Material,High,800,2.4
13010,7.9,288,E-Rickshaw Loader,No,Electronics,High,270,1.1
13011,16.1,133,Mini Truck,No,Appliances,Medium,590,1.1
13012,21.8,647,Pickup,Yes,Electronics,High,740,2.2
13013,10.6,79,Pickup,Yes,Furniture,Medium,570,2.4
13014,32.9,338,Pickup,Yes,Appliances,Low,920,2.7
13015,16.4,277,Mini Truck,No,Clothing,High,640,1.4
13016,7.7,398,Pickup,Yes,Grocery,Low,630,2.0
13017,10.7,533,Mini Truck,Yes,Appliances,Medium,790,2.3
13018,24.2,265,Pickup,Yes,Furniture,Medium,840,2.8
13019,18.5,181,E-Rickshaw Loader,No,Furniture,Low,350,0.9
13020,27.5,292,Mini Truck,No,Clothing,Low,790,1.6
13021,24.3,388,Pickup,Yes,Furniture,Medium,900,2.4
13022,9.9,113,Mini Truck,No,Appliances,Medium,570,1.5
13023,13.8,214,Mini Truck,Yes,Appliances,Low,920,2.1
13024,39.7,63,Pickup,No,Electronics,Medium,800,1.9
13025,11.4,233,E-Rickshaw Loader,Yes,Appliances,Medium,440,1.4
13026,58.4,512,Pickup,Yes,Furniture,Low,1480,3.9
13027,6.3,255,Truck,Yes,Construction Material,Low,1000,1.6
13028,38.9,279,Mini Truck,No,Appliances,Medium,1220,2.2
13029,20.7,403,Mini Truck,Yes,Appliances,Low,1040,2.1
13030,9.9,435,Mini Truck,No,Grocery,Medium,570,0.8
13031,23.7,60,Pickup,Yes,Electronics,High,710,2.6
13032,11.7,183,Pickup,No,Electronics,Low,400,1.2
13033,14.5,71,Mini Truck,Yes,Grocery,High,860,2.1
13034,16.7,219,E-Rickshaw Loader,Yes,Construction Material,Medium,470,2.4
13035,36.9,718,Pickup,No,Furniture,Medium,800,2.3
13036,13.6,517,Pickup,Yes,Grocery,High,630,2.3
13037,26.4,298,Mini Truck,No,Appliances,Medium,790,1.8
13038,37.8,989,Truck,Yes,Grocery,Low,1860,2.7
13039,23.3,267,E-Rickshaw Loader,Yes,Furniture,Low,590,1.9
13040,29.2,1349,Mini Truck,No,Appliances,Medium,1040,2.1
13041,21.7,332,Pickup,No,Electronics,Low,600,1.4
13042,32.4,182,Truck,Yes,Clothing,Medium,1790,2.7
13043,7.5,105,E-Rickshaw Loader,No,Electronics,Medium,230,0.6
13044,55.1,479,Pickup,No,Grocery,Medium,1160,3.2
13045,12.9,217,Mini Truck,No,Grocery,Medium,590,1.1
13046,20.9,332,Mini Truck,No,Grocery,Medium,770,2.0
13047,3.7,426,Mini Truck,No,Grocery,Medium,440,0.5
13048,15.1,144,Pickup,No,Electronics,Medium,460,1.3
13049,27.2,371,Pickup,No,Grocery,Low,640,1.2
13050,59.9,258,Pickup,Yes,Grocery,Medium,1220,3.7
13051,33.4,75,Pickup,No,Electronics,High,780,2.2
13052,16.0,443,Mini Truck,No,Appliances,Medium,760,1.4
13053,5.8,485,Pickup,Yes,Appliances,High,560,1.8
13054,51.1,729,Pickup,Yes,Appliances,Low,1350,3.1
13055,15.4,108,Mini Truck,No,Clothing,High,610,1.2
13056,27.1,1116,Truck,Yes,Furniture,Medium,1690,2.1
13057,16.0,158,Mini Truck,Yes,Construction Material,High,820,2.0
13058,29.5,39,E-Rickshaw Loader,No,Appliances,Medium,410,1.7
13059,49.6,258,E-Rickshaw Loader,No,Furniture,Medium,680,3.0
13060,36.6,398,Truck,No,Grocery,Medium,1360,2.0
13061,18.3,267,Pickup,Yes,Grocery,Medium,700,2.1
13062,51.8,107,E-Rickshaw Loader,No,Electronics,Medium,860,2.8
13063,68.4,203,Mini Truck,Yes,Grocery,Medium,1610,4.6
13064,42.9,381,Mini Truck,Yes,Appliances,Medium,1350,3.5
13065,16.4,1225,Mini Truck,No,Clothing,High,780,2.0
13066,38.9,112,Pickup,No,Electronics,Medium,790,1.9
13067,42.6,181,E-Rickshaw Loader,No,Construction Material,Medium,550,2.4
13068,18.6,86,Truck,No,Electronics,High,1150,1.5
13069,68.4,218,Pickup,No,Construction Material,Medium,1250,3.0
13070,48.1,282,Mini Truck,Yes,Appliances,Medium,1390,3.1
13071,19.3,601,Mini Truck,Yes,Construction Material,Low,1070,2.3
13072,16.4,386,Mini Truck,No,Clothing,Medium,660,1.4
13073,42.0,614,Pickup,Yes,Grocery,Medium,1070,3.3
13074,80.2,291,Pickup,No,Construction Material,Low,1470,3.6
13075,8.0,20,Mini Truck,No,Clothing,Medium,450,0.5
13076,30.5,400,Truck,Yes,Clothing,Medium,1830,2.4
13077,38.5,55,Truck,No,Construction Material,Medium,1730,2.1
13078,49.3,210,E-Rickshaw Loader,Yes,Appliances,Medium,900,3.7
13079,38.7,292,Pickup,Yes,Clothing,Medium,980,3.1
13080,15.6,174,Truck,Yes,Clothing,Low,1120,2.2
13081,7.2,99,Mini Truck,No,Appliances,Low,400,1.3
13082,17.8,196,Truck,No,Electronics,Medium,1190,1.0
13083,37.8,281,Pickup,No,Grocery,Low,740,1.9
13084,14.3,1013,Mini Truck,Yes,Construction Material,Medium,1040,2.0
13085,54.3,263,Mini Truck,Yes,Grocery,High,1590,3.9
13086,20.4,354,Mini Truck,Yes,Appliances,Medium,860,2.4
13087,13.6,275,Pickup,Yes,Furniture,Low,630,2.6
13088,32.8,193,E-Rickshaw Loader,Yes,Electronics,Low,630,2.3
13089,18.9,339,Mini Truck,Yes,Appliances,Low,1000,2.2
13090,16.1,296,Pickup,No,Furniture,Low,510,0.9
13091,74.1,169,Mini Truck,Yes,Electronics,Medium,1870,4.1
13092,14.2,492,Truck,Yes,Grocery,Low,1170,1.8
13093,17.3,112,Pickup,No,Clothing,High,490,1.5
13094,33.1,429,Truck,Yes,Construction Material,High,1830,3.2
13095,53.8,499,Pickup,Yes,Appliances,Medium,1160,4.1
13096,31.0,42,Mini Truck,No,Electronics,Low,1050,1.8
13097,24.1,102,Truck,Yes,Appliances,High,1380,2.6
13098,79.6,50,E-Rickshaw Loader,No,Electronics,Low,950,3.7
13099,16.7,198,E-Rickshaw Loader,No,Electronics,Low,350,1.3
13100,16.8,190,Mini Truck,No,Grocery,Medium,670,1.3
13101,14.4,174,E-Rickshaw Loader,No,Furniture,Medium,290,1.2
13102,29.7,226,Mini Truck,No,Grocery,Medium,850,2.0
13103,11.2,121,Truck,No,Grocery,Low,860,1.1
13104,8.9,161,Mini Truck,Yes,Furniture,Low,690,1.7
13105,17.3,334,Pickup,No,Appliances,High,440,1.8
13106,5.5,495,Mini Truck,No,Grocery,Medium,430,1.0
13107,27.1,303,Mini Truck,No,Appliances,Low,850,1.8
13108,29.8,184,E-Rickshaw Loader,No,Appliances,Medium,410,1.6
13109,33.3,258,Mini Truck,No,Electronics,Low,1020,1.7
13110,40.1,282,Mini Truck,No,Grocery,Medium,1080,2.7
13111,17.7,152,Mini Truck,No,Construction Material,Low,610,1.5
13112,49.8,138,Pickup,No,Clothing,Medium,1060,2.3
13113,46.7,519,Mini Truck,No,Appliances,Medium,1210,2.7
13114,9.9,112,E-Rickshaw Loader,Yes,Construction Material,High,440,2.1
13115,21.8,225,Pickup,No,Furniture,Low,620,1.1
13116,2.2,537,Truck,Yes,Grocery,Medium,950,1.7
13117,50.3,61,Mini Truck,No,Appliances,High,1260,3.1
13118,39.6,198,E-Rickshaw Loader,No,Clothing,Medium,610,2.6
13119,57.8,122,Pickup,No,Appliances,High,1050,3.5
13120,6.2,722,Pickup,Yes,Construction Material,High,700,1.3
13121,31.6,112,Pickup,No,Furniture,Medium,690,2.1
13122,15.2,518,Pickup,Yes,Appliances,Low,740,1.7
13123,3.6,185,E-Rickshaw Loader,Yes,Appliances,Medium,380,1.4
13124,43.5,1039,Mini Truck,No,Furniture,Medium,1200,2.0
13125,8.2,245,Mini Truck,Yes,Furniture,Medium,700,1.5
13126,28.9,98,Mini Truck,No,Construction Material,Medium,840,2.2
13127,15.0,430,Mini Truck,No,Clothing,Medium,600,1.3
13128,25.5,203,E-Rickshaw Loader,No,Grocery,Medium,400,1.6
13129,40.4,462,Truck,No,Furniture,Medium,1630,2.1
13130,25.6,714,Truck,No,Grocery,Low,1350,1.6
13131,11.0,528,Truck,Yes,Electronics,High,1160,1.9
13132,75.3,57,Truck,No,Grocery,High,2680,5.0
13133,17.9,110,Truck,Yes,Construction Material,Medium,1340,2.2
13134,12.9,362,Mini Truck,No,Appliances,Low,680,1.2
13135,21.3,390,Pickup,Yes,Construction Material,Low,780,2.0
13136,6.3,89,Mini Truck,No,Clothing,Low,460,0.8
13137,13.8,120,Mini Truck,Yes,Construction Material,Low,730,2.0
13138,18.7,751,Mini Truck,Yes,Construction Material,Medium,1130,2.0
13139,27.0,168,Mini Truck,No,Electronics,Low,780,1.7
13140,23.5,265,E-Rickshaw Loader,No,Grocery,Low,370,1.5
13141,31.7,646,Pickup,No,Electronics,Medium,760,1.4
13142,21.9,162,Truck,No,Appliances,High,1140,1.9
13143,46.3,274,Mini Truck,No,Appliances,Low,1330,2.4
13144,35.4,493,Mini Truck,Yes,Construction Material,Medium,1210,3.0
13145,30.0,56,Pickup,No,Appliances,High,660,1.9
13146,51.3,234,Pickup,No,Appliances,High,860,3.8
13147,51.3,692,Truck,No,Appliances,Medium,2120,2.6
13148,24.7,383,Mini Truck,Yes,Electronics,Medium,930,1.7
13149,17.2,386,Mini Truck,No,Clothing,Low,820,1.3
13150,26.3,576,Mini Truck,No,Construction Material,Low,870,1.5
13151,20.6,183,Mini Truck,No,Clothing,Medium,720,1.1
13152,16.7,116,Pickup,No,Electronics,Medium,470,1.2
13153,25.6,367,Mini Truck,Yes,Clothing,Medium,990,2.5
13154,29.4,195,Mini Truck,Yes,Grocery,Low,1150,2.3
13155,34.3,184,Mini Truck,Yes,Appliances,Medium,1150,2.9
13156,56.6,113,Mini Truck,No,Clothing,Low,1350,2.7
13157,27.4,427,Truck,Yes,Electronics,Medium,1700,2.5
13158,22.3,251,E-Rickshaw Loader,No,Electronics,Medium,330,1.3
13159,42.8,115,Truck,No,Clothing,Medium,1660,2.5
13160,11.9,601,Pickup,No,Construction Material,Low,450,0.6
13161,5.6,222,Mini Truck,No,Construction Material,Low,480,0.9
13162,31.3,251,E-Rickshaw Loader,No,Clothing,Low,460,1.8
13163,17.8,740,Pickup,No,Appliances,Medium,540,1.3
13164,18.8,594,Mini Truck,No,Electronics,Low,840,1.1
13165,11.7,292,E-Rickshaw Loader,No,Construction Material,Medium,280,0.8
13166,48.5,586,Mini Truck,Yes,Appliances,Low,1450,3.0
13167,5.8,235,Truck,Yes,Appliances,Medium,1020,1.4
13168,33.5,144,E-Rickshaw Loader,No,Electronics,Medium,490,1.8
13169,22.5,225,Mini Truck,Yes,Furniture,Medium,1040,2.0
13170,58.9,239,Pickup,Yes,Electronics,Low,1290,3.8
13171,42.9,711,Mini Truck,Yes,Appliances,Medium,1380,3.4
13172,9.2,199,Pickup,No,Grocery,Medium,330,1.6
13173,35.5,90,Pickup,Yes,Grocery,Low,1010,2.7
13174,30.7,352,Pickup,No,Furniture,Low,730,1.9
13175,21.3,253,E-Rickshaw Loader,Yes,Furniture,Medium,590,2.3
13176,33.6,151,Pickup,Yes,Construction Material,High,960,3.5
13177,13.8,214,Mini Truck,Yes,Construction Material,Low,900,1.9
13178,24.1,829,Truck,No,Construction Material,Medium,1130,1.9
13179,22.8,425,Truck,Yes,Furniture,High,1450,2.6
13180,12.2,228,Mini Truck,No,Grocery,Medium,520,1.6
13181,17.8,150,E-Rickshaw Loader,No,Clothing,Medium,310,1.2
13182,15.6,521,Pickup,No,Furniture,Medium,510,1.5
13183,29.4,651,Pickup,Yes,Appliances,Low,950,2.4
13184,50.3,559,Pickup,Yes,Furniture,Medium,1410,3.3
13185,7.6,248,Mini Truck,Yes,Furniture,Low,710,1.7
13186,30.0,144,Mini Truck,No,Grocery,Low,860,1.1
13187,15.2,149,Pickup,No,Appliances,Low,460,1.4
13188,41.2,245,Pickup,No,Electronics,Medium,780,2.5
13189,29.7,198,Truck,No,Construction Material,High,1280,2.6
13190,6.0,292,Mini Truck,No,Construction Material,Medium,520,0.6
13191,25.6,281,Pickup,No,Furniture,Low,660,1.3
13192,20.5,125,Truck,No,Electronics,Medium,1140,1.1
13193,8.3,129,Truck,Yes,Appliances,Medium,1060,1.8
13194,15.4,230,Pickup,Yes,Electronics,Medium,770,1.9
13195,24.8,276,Pickup,Yes,Clothing,Medium,820,2.2
13196,15.7,783,Mini Truck,No,Appliances,High,670,1.5
13197,44.3,367,Truck,No,Furniture,Low,1810,2.5
13198,20.4,357,Truck,No,Grocery,Low,1210,1.4
13199,14.5,283,E-Rickshaw Loader,No,Electronics,Medium,320,1.1
13200,25.8,659,Pickup,Yes,Electronics,Medium,990,2.8
13201,28.2,960,Mini Truck,No,Furniture,High,1020,1.9
13202,41.4,186,Mini Truck,Yes,Construction Material,High,1360,3.4
13203,23.5,700,Pickup,Yes,Clothing,High,930,2.7
13204,27.4,77,Truck,No,Construction Material,Low,1330,1.4
13205,17.8,232,Mini Truck,No,Appliances,Medium,620,1.6
13206,59.8,113,Truck,Yes,Furniture,Medium,2020,3.7
13207,29.6,482,Truck,Yes,Electronics,High,1510,2.7
13208,25.2,582,Mini Truck,Yes,Grocery,Low,1180,2.0
13209,15.7,90,Mini Truck,Yes,Electronics,Low,810,2.2
13210,45.0,634,Mini Truck,No,Furniture,High,1240,3.2
13211,5.4,385,Pickup,No,Grocery,Medium,370,0.8
13212,25.9,535,Mini Truck,No,Appliances,High,940,2.0
13213,13.9,699,Pickup,No,Appliances,Low,420,1.2
13214,38.8,492,Mini Truck,No,Furniture,High,1150,2.6
13215,28.4,74,Pickup,No,Appliances,Medium,640,1.5
13216,25.5,213,E-Rickshaw Loader,Yes,Appliances,Medium,590,2.3
13217,10.1,84,Pickup,No,Grocery,Medium,370,1.2
13218,21.6,37,E-Rickshaw Loader,No,Furniture,Medium,340,1.8
13219,29.1,106,Mini Truck,No,Appliances,Medium,800,2.1
13220,41.5,228,Mini Truck,Yes,Construction Material,Low,1350,2.9
13221,31.7,1018,Mini Truck,No,Appliances,Medium,1180,2.1
13222,38.8,289,Pickup,Yes,Grocery,Medium,1100,2.7
13223,7.0,184,E-Rickshaw Loader,Yes,Grocery,Low,360,1.1
13224,25.1,191,E-Rickshaw Loader,No,Electronics,Low,410,1.2
13225,42.5,250,Pickup,No,Appliances,Medium,880,3.1
13226,2.7,311,Truck,Yes,Electronics,Low,850,2.0
13227,19.2,239,Pickup,No,Furniture,Low,480,0.9
13228,29.3,448,Pickup,No,Grocery,High,730,2.0
13229,46.3,174,E-Rickshaw Loader,No,Grocery,Low,630,2.1
13230,24.3,78,Pickup,Yes,Electronics,Medium,740,2.7
13231,22.4,61,Mini Truck,No,Construction Material,Medium,790,1.7
13232,27.6,551,Mini Truck,Yes,Grocery,Medium,1320,2.5
13233,29.5,20,Pickup,No,Grocery,Medium,660,2.0
13234,11.6,247,E-Rickshaw Loader,No,Furniture,High,270,1.4
13235,15.7,110,Pickup,Yes,Construction Material,Medium,650,1.6
13236,4.6,460,Pickup,No,Furniture,Medium,320,0.9
13237,13.9,296,Pickup,No,Electronics,Medium,480,1.2
13238,9.5,301,Truck,No,Clothing,Medium,860,0.7
13239,11.5,321,Mini Truck,No,Electronics,Low,610,0.9
13240,80.0,313,Mini Truck,No,Furniture,High,2010,4.7
13241,44.5,78,Pickup,Yes,Construction Material,Low,1120,3.0
13242,9.7,200,Mini Truck,Yes,Electronics,Medium,680,1.8
13243,7.7,139,Mini Truck,Yes,Electronics,Medium,630,1.6
13244,14.6,162,Mini Truck,Yes,Construction Material,High,900,2.1
13245,7.5,317,Mini Truck,Yes,Clothing,Low,730,1.3
13246,27.1,554,Pickup,Yes,Clothing,Medium,930,3.0
13247,26.8,540,Mini Truck,Yes,Grocery,Low,1070,2.3
13248,11.4,359,Pickup,No,Grocery,High,440,1.3
13249,35.6,210,Truck,No,Clothing,Medium,1710,2.5
13250,35.7,301,Mini Truck,Yes,Electronics,Low,1250,3.0
13251,13.4,493,Mini Truck,No,Furniture,Medium,670,1.2
13252,11.1,161,E-Rickshaw Loader,Yes,Construction Material,Medium,490,1.8
13253,16.7,291,Mini Truck,No,Grocery,Low,760,1.2
13254,32.8,190,E-Rickshaw Loader,No,Clothing,Medium,460,1.6
13255,75.8,159,Pickup,Yes,Electronics,Low,1580,3.8
13256,32.3,278,Pickup,No,Electronics,High,780,2.3
13257,9.0,211,Mini Truck,Yes,Appliances,Medium,820,1.7
13258,28.1,365,Pickup,Yes,Grocery,Medium,860,2.2
13259,24.4,214,Pickup,Yes,Construction Material,High,760,2.7
13260,23.4,259,Truck,No,Furniture,Medium,1200,1.8
13261,7.7,78,Pickup,No,Furniture,Medium,330,1.2
13262,28.0,509,Mini Truck,No,Furniture,Low,890,1.7
13263,22.1,516,Pickup,Yes,Grocery,High,860,2.3
13264,8.7,138,E-Rickshaw Loader,No,Appliances,High,220,1.2
13265,63.8,150,Mini Truck,No,Appliances,Low,1680,2.9
13266,7.9,285,E-Rickshaw Loader,No,Construction Material,Medium,220,0.7
13267,30.6,195,Mini Truck,No,Appliances,High,880,1.9
13268,20.2,356,Mini Truck,Yes,Construction Material,Medium,890,2.5
13269,17.3,737,Mini Truck,No,Grocery,Medium,800,1.4
13270,49.8,145,Mini Truck,No,Furniture,Medium,1150,2.8
13271,41.0,537,Pickup,Yes,Construction Material,Medium,1150,3.1
13272,20.2,123,E-Rickshaw Loader,Yes,Electronics,High,570,2.6
13273,11.9,161,Mini Truck,Yes,Grocery,High,620,1.9
13274,15.9,331,Mini Truck,Yes,Appliances,High,810,2.2
13275,18.3,444,Truck,No,Furniture,High,1070,1.7
13276,41.5,722,Truck,No,Furniture,Low,1940,2.1
13277,29.0,892,Truck,Yes,Electronics,Low,1660,2.2
13278,42.4,230,Mini Truck,Yes,Construction Material,High,1300,3.3
13279,7.5,289,Pickup,Yes,Electronics,Low,540,1.7
13280,44.7,370,Mini Truck,Yes,Grocery,Medium,1340,2.6
13281,54.5,279,Mini Truck,Yes,Electronics,High,1500,4.6
13282,12.6,228,Pickup,No,Grocery,Medium,410,1.1
13283,38.1,185,Truck,No,Electronics,Medium,1490,2.3
13284,51.6,448,Truck,Yes,Appliances,Low,2060,3.4
13285,14.7,725,Mini Truck,Yes,Grocery,Low,930,2.0
13286,9.4,69,E-Rickshaw Loader,Yes,Clothing,Medium,440,1.5
13287,26.3,243,Pickup,Yes,Clothing,Low,770,2.1
13288,4.4,70,Truck,No,Grocery,High,680,0.5
13289,44.3,430,Truck,No,Electronics,Low,1690,2.5
13290,11.3,158,Pickup,No,Grocery,Medium,400,0.7
13291,18.8,222,E-Rickshaw Loader,Yes,Clothing,Low,520,1.9
13292,35.7,258,Truck,No,Grocery,Medium,1740,2.4
13293,32.6,434,Pickup,No,Furniture,Medium,770,1.7
13294,35.0,142,Mini Truck,Yes,Furniture,Low,1270,2.7
13295,12.5,321,Truck,No,Electronics,Medium,960,1.3
13296,27.9,253,E-Rickshaw Loader,Yes,Furniture,High,710,2.8
13297,39.6,387,Mini Truck,No,Appliances,Low,1010,2.1
13298,14.3,175,E-Rickshaw Loader,No,Furniture,Low,280,1.2
13299,66.8,620,Pickup,Yes,Grocery,Medium,1420,4.7
13300,19.4,371,Truck,Yes,Clothing,High,1330,2.1
13301,4.0,702,Mini Truck,No,Clothing,Low,550,0.6
13302,19.3,79,Truck,Yes,Grocery,Low,1480,2.2
13303,51.2,323,Mini Truck,No,Electronics,Low,1390,2.4
13304,10.7,250,Pickup,No,Electronics,Low,400,0.8
13305,10.1,539,Pickup,No,Grocery,Low,450,1.2
13306,29.5,456,Pickup,Yes,Grocery,Medium,1020,2.1
13307,9.4,283,Pickup,No,Grocery,Medium,420,1.3
13308,9.0,279,E-Rickshaw Loader,No,Furniture,Medium,240,1.4
13309,11.8,205,Pickup,Yes,Appliances,Low,610,1.8
13310,59.9,399,Mini Truck,No,Furniture,Medium,1400,2.8
13311,31.7,1247,Mini Truck,No,Grocery,Low,1030,1.8
13312,23.5,184,Mini Truck,No,Appliances,Low,750,1.6
13313,12.5,319,Mini Truck,Yes,Construction Material,Medium,820,1.5
13314,39.3,153,E-Rickshaw Loader,No,Grocery,Low,550,2.0
13315,33.8,131,Pickup,Yes,Furniture,High,860,3.6
13316,62.6,541,Mini Truck,No,Appliances,Low,1820,3.2
13317,10.6,105,Mini Truck,No,Furniture,Medium,560,1.2
13318,9.6,238,E-Rickshaw Loader,Yes,Clothing,Medium,490,1.9
13319,4.2,518,Truck,No,Appliances,Medium,820,0.8
13320,32.2,212,Mini Truck,Yes,Furniture,Medium,1310,2.8
13321,26.6,685,Mini Truck,No,Clothing,Low,840,1.5
13322,16.8,180,E-Rickshaw Loader,No,Appliances,Low,300,1.3
13323,4.1,211,Mini Truck,No,Construction Material,Medium,390,0.5
13324,55.1,90,Mini Truck,No,Grocery,Medium,1200,2.4
13325,25.7,416,Mini Truck,No,Appliances,Medium,790,1.5
13326,48.2,276,Mini Truck,No,Construction Material,Medium,1230,2.9
13327,51.2,334,Truck,No,Clothing,Low,1900,2.6
13328,31.6,413,Mini Truck,No,Construction Material,High,1170,2.4
13329,34.7,75,Pickup,No,Furniture,Low,760,1.9
13330,14.0,202,Mini Truck,No,Electronics,Low,660,1.4
13331,24.3,843,Mini Truck,No,Furniture,High,880,2.1
13332,43.1,341,Mini Truck,No,Furniture,Low,1050,2.4
13333,11.9,433,Pickup,No,Furniture,High,440,1.0
13334,41.2,320,Pickup,Yes,Grocery,Low,950,2.9
13335,39.5,424,Truck,Yes,Furniture,Low,1840,2.7
13336,38.8,636,Mini Truck,No,Appliances,Low,1160,2.4
13337,23.1,40,Truck,No,Clothing,Medium,1130,1.9
13338,12.6,495,Mini Truck,No,Construction Material,Medium,630,1.2
13339,66.6,279,Mini Truck,Yes,Grocery,Low,1710,4.0
13340,52.9,555,Mini Truck,No,Electronics,Low,1250,2.6
13341,23.5,218,Truck,No,Grocery,Low,1250,1.2
13342,26.7,211,Mini Truck,No,Construction Material,Low,910,1.8
13343,18.5,101,Mini Truck,Yes,Clothing,High,950,2.8
13344,4.5,285,Pickup,Yes,Furniture,Medium,520,1.7
13345,21.1,95,Mini Truck,No,Clothing,Medium,630,1.5
13346,31.7,266,Mini Truck,No,Clothing,Low,950,1.6
13347,14.6,334,Pickup,Yes,Construction Material,Low,750,1.9
13348,17.8,163,Pickup,No,Electronics,Medium,450,1.0
13349,17.7,66,Pickup,No,Construction Material,High,540,1.3
13350,24.5,50,Pickup,Yes,Grocery,High,660,2.6
13351,19.0,125,Pickup,No,Grocery,Medium,520,1.5
13352,11.4,46,Mini Truck,No,Grocery,Low,590,0.6
13353,24.4,327,Truck,No,Furniture,Low,1370,1.5
13354,30.6,1270,Mini Truck,Yes,Electronics,Medium,1400,3.1
13355,26.0,99,Pickup,No,Furniture,Low,590,1.6
13356,4.1,168,E-Rickshaw Loader,Yes,Electronics,High,380,1.7
13357,34.5,318,Mini Truck,No,Electronics,Medium,950,2.2
13358,8.7,368,Pickup,Yes,Electronics,High,520,1.4
13359,30.3,71,Truck,Yes,Electronics,Medium,1530,2.3
13360,31.2,338,Mini Truck,No,Clothing,Medium,980,2.1
13361,6.1,191,Mini Truck,No,Clothing,Low,510,1.0
13362,40.3,705,Pickup,Yes,Electronics,Medium,1100,3.4
13363,66.1,50,Mini Truck,Yes,Electronics,Low,1910,4.1
13364,18.2,194,Pickup,No,Appliances,Medium,500,1.2
13365,30.3,146,Truck,Yes,Construction Material,Medium,1620,2.9
13366,15.9,379,Mini Truck,No,Electronics,Medium,710,1.5
13367,8.6,23,Pickup,No,Clothing,Medium,350,1.3
13368,42.8,791,Pickup,Yes,Grocery,Medium,1190,3.6
13369,30.8,369,Pickup,No,Construction Material,Low,780,1.6
13370,13.3,350,Mini Truck,No,Appliances,High,550,1.2
13371,9.0,104,Pickup,Yes,Electronics,Low,560,1.8
13372,68.4,514,Mini Truck,Yes,Appliances,High,1630,4.6
13373,7.1,477,Pickup,Yes,Electronics,Medium,530,2.0
13374,33.7,676,Mini Truck,Yes,Construction Material,High,1280,3.0
13375,25.4,231,Truck,Yes,Grocery,Medium,1410,2.8
13376,37.5,65,Mini Truck,Yes,Clothing,Medium,1400,3.4
13377,57.3,169,Mini Truck,No,Furniture,Medium,1370,2.9
13378,2.0,569,Pickup,No,Construction Material,Medium,330,0.5
13379,9.9,196,E-Rickshaw Loader,No,Clothing,Low,240,0.9
13380,20.6,1035,Mini Truck,Yes,Grocery,Medium,1030,2.6
13381,60.2,522,Pickup,No,Furniture,Low,1000,3.1
13382,16.5,942,Mini Truck,No,Electronics,Medium,670,1.3
13383,14.1,205,E-Rickshaw Loader,Yes,Construction Material,Low,500,1.9
13384,2.6,404,Pickup,No,Appliances,Low,330,0.7
13385,13.1,126,E-Rickshaw Loader,No,Grocery,High,250,1.1
13386,33.0,542,Truck,No,Construction Material,High,1570,1.8
13387,20.7,427,Pickup,Yes,Electronics,Medium,780,2.4
13388,12.8,502,Mini Truck,No,Grocery,High,580,1.1
13389,69.0,220,E-Rickshaw Loader,No,Electronics,Low,890,3.1
13390,18.1,328,Mini Truck,No,Construction Material,Low,790,1.4
13391,24.5,315,Pickup,No,Appliances,Low,600,1.7
13392,12.2,221,Truck,No,Clothing,Medium,980,0.9
13393,8.6,343,Truck,Yes,Electronics,Medium,1090,1.5
13394,35.9,388,Pickup,No,Construction Material,Medium,800,2.3
13395,5.0,441,Truck,No,Furniture,Low,730,0.9
13396,31.1,217,Truck,Yes,Electronics,Low,1660,2.4
13397,28.1,522,Truck,Yes,Furniture,Medium,1430,2.8
13398,9.3,498,Truck,No,Electronics,Low,900,0.9
13399,11.1,447,Pickup,No,Construction Material,Medium,470,0.9
13400,18.2,550,Mini Truck,Yes,Grocery,Low,1100,1.8
13401,8.0,259,E-Rickshaw Loader,No,Appliances,High,210,1.1
13402,3.8,111,E-Rickshaw Loader,No,Electronics,Medium,200,0.8
13403,19.6,499,Truck,No,Grocery,High,1080,1.7
13404,37.1,187,Pickup,No,Electronics,Medium,780,1.9
13405,26.3,69,Mini Truck,Yes,Electronics,Low,1160,1.8
13406,46.2,191,Truck,No,Appliances,Low,1880,2.4
13407,16.6,337,Truck,No,Grocery,Medium,1000,1.6
13408,23.0,750,Truck,Yes,Appliances,High,1440,2.1
13409,11.1,391,Pickup,No,Grocery,Low,420,0.9
13410,23.7,212,E-Rickshaw Loader,No,Electronics,Low,390,2.1
13411,44.5,492,Pickup,No,Furniture,Medium,920,2.6
13412,31.7,377,Pickup,Yes,Appliances,Medium,840,3.1
13413,48.7,244,E-Rickshaw Loader,No,Furniture,High,750,3.4
13414,27.4,126,Pickup,Yes,Appliances,Medium,950,2.4
13415,20.8,1119,Mini Truck,No,Grocery,Low,860,1.9
13416,57.7,196,Mini Truck,Yes,Electronics,High,1510,3.9
13417,24.4,240,Pickup,Yes,Construction Material,Medium,770,2.6
13418,65.8,274,Mini Truck,Yes,Furniture,Medium,1660,4.3
13419,40.9,192,Pickup,No,Furniture,Medium,770,2.0
13420,13.2,184,E-Rickshaw Loader,No,Appliances,Low,260,0.9
13421,19.3,194,Mini Truck,No,Grocery,Low,740,1.1
13422,57.4,236,Mini Truck,No,Grocery,Low,1420,2.3
13423,46.2,182,Mini Truck,No,Furniture,High,1330,2.6
13424,36.8,232,E-Rickshaw Loader,No,Furniture,Medium,470,2.1
13425,34.2,106,Truck,Yes,Grocery,Low,1560,2.5
13426,7.3,84,Mini Truck,Yes,Grocery,Medium,580,1.5
13427,8.9,859,Mini Truck,No,Clothing,Medium,600,1.2
13428,26.5,550,Mini Truck,No,Grocery,Low,980,1.4
13429,11.3,770,Truck,Yes,Clothing,Medium,1190,1.9
13430,18.3,817,Mini Truck,No,Furniture,Medium,830,1.4
13431,17.3,141,Mini Truck,No,Furniture,Low,710,1.1
13432,33.0,748,Truck,No,Furniture,High,1590,1.9
13433,27.2,617,Mini Truck,No,Clothing,Medium,940,1.7
13434,43.9,230,Mini Truck,Yes,Clothing,Low,1540,2.8
13435,27.5,388,Mini Truck,Yes,Furniture,High,1090,3.0
13436,26.1,537,Pickup,No,Furniture,Low,680,1.7
13437,22.4,459,Pickup,No,Clothing,High,670,1.6
13438,48.3,275,Mini Truck,No,Appliances,Medium,1160,2.4
13439,22.6,341,Truck,Yes,Clothing,Medium,1400,2.1
13440,12.9,421,Truck,Yes,Electronics,Medium,1240,1.9
13441,35.3,225,Pickup,No,Construction Material,Low,710,2.1
13442,20.6,454,Mini Truck,Yes,Clothing,Medium,940,2.6
13443,40.5,170,Pickup,No,Electronics,Medium,940,1.6
13444,51.6,764,Truck,No,Construction Material,Medium,1850,3.2
13445,19.3,598,Truck,Yes,Electronics,Low,1360,2.1
13446,50.5,545,Mini Truck,No,Electronics,High,1330,2.8
13447,41.2,401,Truck,No,Appliances,Medium,1720,2.3
13448,14.8,359,Mini Truck,Yes,Appliances,Low,840,1.7
13449,11.5,613,Mini Truck,No,Grocery,Medium,610,1.5
13450,10.7,116,E-Rickshaw Loader,No,Furniture,Medium,230,0.9
13451,8.7,153,Mini Truck,No,Clothing,High,500,0.8
13452,47.3,462,Mini Truck,No,Electronics,Medium,1310,3.1
13453,19.5,295,Mini Truck,No,Furniture,Low,780,1.4
13454,13.4,192,Pickup,No,Grocery,Low,460,1.0
13455,15.4,645,Truck,Yes,Construction Material,High,1310,2.6
13456,32.0,334,Pickup,Yes,Furniture,Medium,920,3.1
13457,60.9,387,Mini Truck,No,Construction Material,Low,1350,2.6
13458,14.9,656,Mini Truck,No,Furniture,Medium,670,1.0
13459,38.2,272,Mini Truck,Yes,Appliances,Low,1290,2.8
13460,22.5,1045,Mini Truck,Yes,Appliances,Low,1250,2.2
13461,32.2,126,Pickup,No,Clothing,Medium,600,1.8
13462,12.0,643,Pickup,Yes,Grocery,Low,700,1.8
13463,35.6,202,Mini Truck,No,Electronics,Medium,850,2.5
13464,18.4,575,Mini Truck,Yes,Clothing,Medium,880,2.4
13465,16.0,172,Pickup,No,Appliances,Medium,510,1.4
13466,21.9,83,Mini Truck,Yes,Furniture,Medium,860,2.2
13467,33.6,580,Mini Truck,No,Grocery,Medium,1020,2.0
13468,19.9,231,Mini Truck,Yes,Electronics,Low,1010,2.3
13469,16.1,87,Truck,No,Grocery,Medium,980,1.4
13470,20.4,599,Pickup,No,Grocery,Low,530,1.3
13471,20.1,196,E-Rickshaw Loader,Yes,Appliances,Medium,560,2.5
13472,31.7,231,Mini Truck,Yes,Electronics,Medium,1280,2.4
13473,16.9,402,Mini Truck,Yes,Grocery,Medium,990,2.4
13474,16.6,271,Mini Truck,No,Appliances,Medium,660,1.5
13475,12.1,246,Truck,Yes,Grocery,Medium,1090,1.6
13476,33.1,533,Truck,Yes,Appliances,Low,1860,2.4
13477,24.7,360,Truck,No,Furniture,Medium,1130,2.0
13478,48.1,163,Mini Truck,Yes,Appliances,High,1530,3.9
13479,44.2,302,Mini Truck,Yes,Electronics,Low,1340,2.9
13480,26.4,528,Pickup,Yes,Appliances,Low,810,2.4
13481,20.9,122,Pickup,Yes,Furniture,Low,640,2.1
13482,22.6,685,Mini Truck,Yes,Grocery,Medium,1210,2.4
13483,14.1,351,Pickup,Yes,Electronics,Medium,670,2.2
13484,12.2,331,Truck,Yes,Grocery,High,1090,2.5
13485,10.9,344,Mini Truck,Yes,Electronics,Medium,800,1.6
13486,19.7,886,Mini Truck,Yes,Appliances,Low,1040,2.4
13487,2.0,303,Pickup,Yes,Electronics,High,480,1.4
13488,59.4,233,E-Rickshaw Loader,No,Construction Material,Low,740,2.4
13489,9.9,275,E-Rickshaw Loader,No,Furniture,Low,250,1.3
13490,69.8,580,Mini Truck,No,Appliances,Low,1750,2.9
13491,10.0,224,E-Rickshaw Loader,Yes,Construction Material,Low,410,2.0
13492,22.6,307,Mini Truck,No,Appliances,Medium,860,1.8
13493,29.3,1183,Truck,No,Grocery,Medium,1350,2.3
13494,24.1,449,Truck,No,Electronics,Medium,1270,1.9
13495,14.9,145,Mini Truck,Yes,Grocery,Medium,830,2.4
13496,14.3,42,Pickup,Yes,Clothing,Low,580,2.2
13497,38.5,480,Truck,Yes,Construction Material,Medium,1990,3.1
13498,49.0,246,Truck,No,Clothing,Medium,1750,3.0
13499,4.7,81,Pickup,No,Furniture,High,330,0.8
13500,26.8,282,Mini Truck,No,Construction Material,Low,900,1.4
13501,33.7,503,Pickup,No,Appliances,Medium,720,2.2
13502,25.5,267,Truck,Yes,Furniture,High,1350,3.0
13503,7.0,295,Truck,No,Furniture,Low,860,0.8
13504,32.0,38,E-Rickshaw Loader,No,Clothing,Low,420,1.6
13505,44.8,481,Truck,No,Electronics,Medium,1750,2.1
13506,11.9,64,Mini Truck,No,Construction Material,Medium,600,0.9
13507,14.8,191,Truck,No,Construction Material,Medium,1020,1.0
13508,25.8,374,Mini Truck,No,Appliances,High,840,2.2
13509,21.3,160,Truck,No,Appliances,Medium,1090,1.4
13510,14.8,188,E-Rickshaw Loader,No,Construction Material,Medium,310,1.3
13511,8.5,361,Pickup,No,Electronics,Low,330,0.5
13512,15.8,175,E-Rickshaw Loader,Yes,Electronics,Medium,510,2.4
13513,3.0,314,Truck,Yes,Appliances,Medium,840,1.6
13514,34.1,34,Truck,No,Construction Material,Low,1370,1.5
13515,13.1,50,Truck,Yes,Clothing,Medium,1150,1.8
13516,37.8,579,Truck,Yes,Grocery,Medium,1760,2.8
13517,19.1,227,E-Rickshaw Loader,No,Furniture,Medium,370,1.5
13518,24.8,459,Pickup,No,Electronics,Medium,660,1.6
13519,5.5,187,E-Rickshaw Loader,No,Furniture,Medium,200,0.8
13520,35.8,772,Pickup,No,Clothing,Low,800,1.7
13521,96.6,264,Pickup,Yes,Clothing,Medium,1720,5.2
13522,17.0,205,Mini Truck,No,Furniture,High,700,1.7
13523,24.5,485,Pickup,Yes,Construction Material,Medium,960,2.7
13524,26.7,199,E-Rickshaw Loader,No,Appliances,Medium,390,1.6
13525,7.6,265,Pickup,Yes,Clothing,Low,580,1.8
13526,9.5,474,Pickup,Yes,Grocery,Low,660,1.5
13527,32.4,64,Truck,Yes,Electronics,Low,1460,2.8
13528,12.0,145,Mini Truck,Yes,Appliances,Low,720,1.8
13529,18.9,411,Truck,No,Grocery,Medium,970,1.2
13530,24.8,228,Mini Truck,Yes,Appliances,Medium,1070,2.2
13531,33.2,373,Pickup,No,Clothing,Low,720,2.1
13532,19.7,416,Mini Truck,Yes,Clothing,High,930,2.0
13533,20.1,469,Pickup,No,Appliances,Medium,640,1.4
13534,87.2,571,Pickup,No,Clothing,Medium,1350,3.8
13535,41.9,580,Pickup,Yes,Furniture,Low,1240,2.7
13536,17.3,119,Pickup,No,Electronics,Low,410,0.9
13537,20.3,269,Pickup,No,Furniture,Medium,520,0.8
13538,67.2,262,Pickup,No,Electronics,Low,1080,2.9
13539,33.3,291,Mini Truck,Yes,Furniture,Low,1120,2.5
13540,45.4,245,E-Rickshaw Loader,Yes,Grocery,Low,800,2.7
13541,17.0,305,Pickup,Yes,Furniture,Low,680,1.9
13542,15.5,183,Truck,Yes,Grocery,Medium,1230,2.0
13543,57.0,546,Pickup,No,Appliances,Medium,1170,2.5
13544,21.4,416,Pickup,No,Clothing,Medium,570,1.5
13545,21.1,182,Truck,Yes,Appliances,Low,1380,2.3
13546,16.2,310,Pickup,Yes,Electronics,High,780,2.3
13547,44.3,174,E-Rickshaw Loader,No,Construction Material,Low,570,2.3
13548,25.7,125,Mini Truck,No,Electronics,Medium,880,1.6
13549,9.0,150,Pickup,No,Grocery,High,430,1.1
13550,14.8,563,Mini Truck,No,Construction Material,Low,760,1.4
13551,50.4,833,Truck,No,Furniture,Low,2160,3.0
13552,26.2,384,Pickup,No,Electronics,High,670,1.7
13553,44.6,324,Mini Truck,No,Clothing,Low,1280,2.0
13554,29.6,105,Mini Truck,No,Clothing,Low,860,1.4
13555,10.1,213,Pickup,Yes,Construction Material,Medium,590,2.1
13556,31.8,204,Mini Truck,Yes,Electronics,Low,1130,2.9
13557,21.7,215,Pickup,No,Grocery,High,530,1.9
13558,15.1,165,Mini Truck,No,Furniture,Low,640,0.8
13559,16.2,99,E-Rickshaw Loader,Yes,Appliances,Medium,470,2.0
13560,43.8,488,Mini Truck,No,Appliances,Medium,1190,2.5
13561,26.8,401,Pickup,Yes,Furniture,Medium,790,2.6
13562,25.5,99,Truck,No,Furniture,Medium,1200,2.2
13563,60.7,202,E-Rickshaw Loader,Yes,Construction Material,High,1070,4.7
13564,13.2,238,Pickup,No,Electronics,High,440,1.5
13565,21.0,899,Mini Truck,No,Appliances,Medium,890,1.4
13566,14.1,702,Mini Truck,Yes,Clothing,Medium,900,2.1
13567,31.4,895,Mini Truck,Yes,Electronics,Low,1270,2.1
13568,25.8,210,Mini Truck,No,Furniture,Medium,850,1.7
13569,17.3,56,Mini Truck,Yes,Clothing,Low,840,2.1
13570,18.9,116,Truck,No,Grocery,Medium,980,1.1
13571,41.0,214,Pickup,Yes,Construction Material,Low,1080,2.8
13572,48.0,251,Mini Truck,No,Electronics,Medium,1150,3.0
13573,14.8,909,Truck,No,Furniture,Medium,1060,1.2
13574,99.2,544,Truck,Yes,Construction Material,High,2880,6.5
13575,7.4,402,Truck,No,Grocery,Medium,790,1.5
13576,9.8,709,Pickup,No,Electronics,High,430,1.0
13577,18.3,452,Pickup,No,Furniture,Medium,550,1.6
13578,12.7,522,Mini Truck,No,Construction Material,High,580,1.2
13579,11.5,238,Mini Truck,Yes,Clothing,Medium,740,2.2
13580,47.3,80,Mini Truck,No,Electronics,Medium,1360,2.6
13581,32.1,65,Mini Truck,Yes,Clothing,Low,1280,2.8
13582,24.0,66,Truck,No,Electronics,Medium,1250,2.0
13583,15.2,484,Pickup,No,Electronics,Low,530,1.1
13584,10.1,155,Truck,No,Clothing,Low,840,1.2
13585,9.7,239,Pickup,Yes,Construction Material,Medium,620,1.4
13586,47.1,91,Pickup,No,Electronics,Low,950,2.3
13587,45.9,648,Mini Truck,No,Furniture,Medium,1160,2.9
13588,18.6,301,Mini Truck,No,Furniture,Low,720,1.9
13589,6.8,360,Pickup,Yes,Appliances,Low,570,1.3
13590,34.0,387,Pickup,No,Furniture,Low,770,1.5
13591,18.7,422,Truck,Yes,Furniture,Medium,1290,2.1
13592,42.2,671,Pickup,No,Electronics,Low,810,2.1
13593,9.6,496,Mini Truck,No,Grocery,Medium,570,0.8
13594,23.8,131,Mini Truck,No,Clothing,Low,840,1.7
13595,8.9,148,Mini Truck,No,Electronics,High,560,1.0
13596,13.0,907,Mini Truck,No,Construction Material,High,590,1.1
13597,12.7,591,Pickup,Yes,Furniture,Medium,720,1.7
13598,18.4,1202,Mini Truck,No,Grocery,Low,840,1.3
13599,49.7,253,Pickup,No,Furniture,Low,980,2.5
13600,24.7,830,Mini Truck,No,Electronics,High,930,2.1
13601,37.7,432,Pickup,No,Grocery,Medium,730,2.1
13602,23.6,377,Mini Truck,No,Clothing,Medium,750,1.7
13603,16.6,310,Pickup,Yes,Clothing,High,740,2.6
13604,3.5,538,Pickup,No,Grocery,High,320,1.1
13605,10.0,446,Pickup,Yes,Furniture,High,700,1.8
13606,22.4,264,Pickup,No,Electronics,Medium,580,1.7
13607,25.2,189,Truck,No,Grocery,High,1170,1.8
13608,42.3,271,Pickup,No,Appliances,High,800,2.6
13609,5.3,304,Truck,No,Appliances,Medium,660,0.6
13610,78.1,222,Truck,No,Construction Material,High,2700,4.9
13611,3.5,144,Mini Truck,No,Grocery,Medium,420,0.6
13612,21.4,320,Pickup,No,Clothing,Medium,600,1.5
13613,14.4,409,Pickup,Yes,Electronics,Medium,710,1.5
13614,10.2,371,Mini Truck,No,Construction Material,Medium,580,1.3
13615,58.3,114,Pickup,Yes,Electronics,Medium,1340,3.8
13616,14.8,196,E-Rickshaw Loader,No,Electronics,High,290,1.6
13617,4.9,1039,Mini Truck,Yes,Furniture,Low,830,1.7
13618,7.8,478,Truck,No,Grocery,High,840,1.0
13619,45.6,547,Mini Truck,No,Construction Material,Medium,1300,2.7
13620,8.2,362,Pickup,Yes,Clothing,Low,560,1.7
13621,6.4,393,Mini Truck,No,Clothing,High,540,0.5
13622,25.6,61,Pickup,No,Appliances,Low,600,1.6
13623,18.3,283,Pickup,No,Furniture,High,500,1.8
13624,30.6,286,Truck,No,Grocery,Low,1410,1.5
13625,16.6,493,Pickup,Yes,Construction Material,High,810,1.7
13626,36.2,242,Pickup,Yes,Clothing,Low,1060,2.5
13627,7.1,221,E-Rickshaw Loader,Yes,Electronics,Low,430,1.7
13628,6.0,310,Truck,Yes,Furniture,High,1040,1.4
13629,27.2,216,Mini Truck,No,Electronics,Low,860,1.5
13630,18.3,65,Mini Truck,No,Appliances,High,660,1.6
13631,16.0,389,Mini Truck,Yes,Appliances,High,930,2.0
13632,34.0,162,Pickup,No,Grocery,Low,710,2.1
13633,85.2,74,Mini Truck,No,Appliances,Medium,1760,4.4
13634,6.1,476,Pickup,No,Furniture,Low,350,0.6
13635,50.9,271,E-Rickshaw Loader,Yes,Electronics,Medium,790,3.7
13636,35.0,425,Mini Truck,No,Clothing,Medium,930,1.9
13637,15.4,308,Truck,Yes,Electronics,Medium,1410,1.9
13638,61.1,175,E-Rickshaw Loader,No,Electronics,High,840,3.7
13639,7.9,127,Pickup,No,Appliances,Low,340,1.1
13640,29.9,464,Pickup,Yes,Construction Material,Medium,970,2.6
13641,19.5,504,Pickup,Yes,Appliances,Medium,740,2.3
13642,15.4,597,Truck,No,Furniture,Low,1090,1.5
13643,8.9,273,Mini Truck,No,Grocery,Medium,550,1.0
13644,106.9,157,Mini Truck,No,Electronics,Medium,2180,4.9
13645,15.3,143,Mini Truck,Yes,Appliances,High,820,2.3
13646,2.2,325,Pickup,No,Electronics,Medium,280,0.6
13647,38.9,163,Mini Truck,No,Grocery,Medium,1130,2.2
13648,28.1,54,Mini Truck,Yes,Furniture,Medium,1040,2.7
13649,18.1,459,Mini Truck,No,Clothing,High,640,1.7
13650,16.9,596,Truck,No,Electronics,High,1050,1.4
13651,21.1,197,Mini Truck,Yes,Furniture,Low,900,2.1
13652,39.1,71,Pickup,Yes,Grocery,Medium,880,3.5
13653,28.4,347,Truck,Yes,Grocery,Medium,1480,2.0
13654,31.6,271,Pickup,No,Furniture,Medium,600,2.0
13655,31.6,227,E-Rickshaw Loader,Yes,Furniture,Medium,640,2.7
13656,40.3,419,Pickup,Yes,Appliances,Medium,1090,3.0
13657,48.1,333,Pickup,No,Furniture,Low,980,2.4
13658,13.2,408,Mini Truck,Yes,Furniture,Low,890,1.6
13659,25.5,322,Mini Truck,No,Electronics,Low,900,1.2
13660,46.6,163,Truck,Yes,Appliances,Low,2150,3.3
13661,13.1,153,Mini Truck,Yes,Furniture,Low,740,1.7
13662,53.6,308,Mini Truck,Yes,Clothing,Medium,1410,3.6
13663,13.0,209,E-Rickshaw Loader,No,Appliances,High,280,0.7
13664,29.1,282,E-Rickshaw Loader,Yes,Grocery,Medium,690,2.2
13665,18.4,180,Mini Truck,No,Electronics,Medium,660,1.4
13666,16.2,345,Mini Truck,Yes,Construction Material,High,910,2.5
13667,30.6,356,Truck,Yes,Clothing,Low,1830,2.3
13668,48.3,164,Pickup,No,Clothing,Low,850,2.7
13669,18.0,202,E-Rickshaw Loader,No,Appliances,Medium,330,1.7
13670,51.2,548,Mini Truck,Yes,Electronics,Medium,1690,3.8
13671,12.6,274,Pickup,No,Clothing,Medium,420,1.4
13672,48.8,289,E-Rickshaw Loader,Yes,Furniture,High,900,4.2
13673,24.2,390,Mini Truck,No,Grocery,Medium,880,1.5
13674,27.9,200,E-Rickshaw Loader,Yes,Construction Material,Medium,620,2.5
13675,8.6,757,Mini Truck,No,Furniture,Low,540,1.1
13676,15.7,550,Pickup,No,Furniture,Medium,500,1.0
13677,21.9,431,Pickup,Yes,Electronics,High,750,2.6
13678,44.9,222,Pickup,Yes,Grocery,Medium,1060,3.4
13679,19.2,305,Truck,No,Appliances,Low,1140,1.5
13680,11.8,270,Pickup,Yes,Construction Material,Medium,640,2.0
13681,26.3,182,Mini Truck,No,Clothing,Medium,900,1.4
13682,72.5,783,Pickup,Yes,Furniture,Medium,1650,4.0
13683,28.4,554,Mini Truck,No,Furniture,Medium,870,1.8
13684,19.0,263,Pickup,No,Electronics,Medium,490,2.0
13685,26.5,401,Mini Truck,No,Electronics,Medium,910,1.5
13686,11.1,273,Mini Truck,No,Construction Material,Medium,590,1.0
13687,55.7,159,Truck,Yes,Appliances,High,2180,4.3
13688,55.1,53,Pickup,Yes,Grocery,High,1240,4.0
13689,10.8,288,E-Rickshaw Loader,No,Grocery,Low,250,1.1
13690,54.2,177,E-Rickshaw Loader,No,Furniture,Medium,590,3.1
13691,26.7,660,Truck,Yes,Furniture,Medium,1710,2.9
13692,35.4,199,Mini Truck,No,Furniture,Low,1050,2.0
13693,22.3,660,Mini Truck,No,Clothing,High,810,1.6
13694,23.5,712,Pickup,No,Grocery,Low,590,1.7
13695,13.9,600,Pickup,No,Electronics,Medium,470,1.2
13696,10.9,288,E-Rickshaw Loader,No,Construction Material,Low,230,0.9
13697,10.4,290,Truck,Yes,Construction Material,Medium,1110,1.7
13698,45.8,653,Mini Truck,No,Furniture,Low,1070,2.1
13699,25.4,582,Truck,Yes,Construction Material,Medium,1550,2.7
13700,11.3,337,Pickup,No,Clothing,Low,400,1.3
13701,24.0,75,Mini Truck,No,Electronics,Low,780,1.5
13702,5.2,253,Mini Truck,No,Clothing,High,430,0.7
13703,11.2,606,Pickup,Yes,Electronics,Low,770,1.8
13704,48.7,385,Truck,No,Clothing,Medium,1900,2.5
13705,15.1,216,Truck,No,Appliances,Medium,950,1.2
13706,44.9,321,Truck,Yes,Grocery,Low,1950,2.6
13707,21.0,336,Mini Truck,No,Electronics,Low,850,1.3
13708,35.6,154,Pickup,Yes,Grocery,Low,890,2.9
13709,9.0,210,Pickup,Yes,Electronics,Medium,530,1.6
13710,32.1,1190,Truck,No,Furniture,High,1400,2.5
13711,2.7,20,E-Rickshaw Loader,No,Construction Material,High,200,0.9
13712,16.2,318,Mini Truck,No,Furniture,High,740,1.5
13713,50.4,606,Mini Truck,Yes,Electronics,Medium,1510,3.4
13714,22.9,314,Mini Truck,No,Clothing,High,770,1.5
13715,10.7,193,Truck,Yes,Construction Material,Medium,1110,2.1
13716,47.7,238,Pickup,Yes,Furniture,Medium,1140,3.1
13717,78.1,710,Pickup,No,Construction Material,Medium,1520,3.8
13718,18.6,222,E-Rickshaw Loader,Yes,Appliances,Low,580,2.1
13719,5.6,471,Mini Truck,No,Furniture,High,510,1.5
13720,23.2,289,Pickup,No,Grocery,Low,580,1.6
13721,37.1,371,Pickup,Yes,Clothing,Medium,1090,2.8
13722,19.4,133,Truck,No,Construction Material,Medium,1040,1.4
13723,3.1,1037,Truck,No,Electronics,Low,730,0.7
13724,34.6,515,Pickup,Yes,Furniture,Low,990,2.7
13725,12.7,316,Pickup,Yes,Clothing,Medium,710,2.2
13726,16.0,352,Truck,No,Appliances,High,970,1.2
13727,5.9,276,E-Rickshaw Loader,Yes,Clothing,Medium,400,1.7
13728,2.0,132,E-Rickshaw Loader,No,Appliances,Medium,200,0.9
13729,8.7,248,Pickup,Yes,Construction Material,Low,580,1.4
13730,14.9,136,Mini Truck,Yes,Appliances,Medium,810,2.0
13731,14.7,512,Pickup,No,Clothing,Low,500,1.0
13732,57.3,98,Truck,No,Appliances,Medium,1970,3.0
13733,9.7,144,Mini Truck,Yes,Furniture,Low,790,1.2
13734,42.4,558,Mini Truck,Yes,Clothing,Medium,1440,3.0
13735,24.8,372,Pickup,No,Electronics,Medium,660,1.1
13736,62.7,926,Mini Truck,No,Furniture,Medium,1480,3.0
13737,21.2,246,Mini Truck,No,Grocery,Medium,750,1.5
13738,3.5,279,Mini Truck,No,Electronics,Medium,380,0.9
13739,19.9,798,Mini Truck,Yes,Furniture,Low,1160,2.0
13740,2.1,665,Mini Truck,No,Appliances,Medium,530,0.5
13741,8.6,566,Truck,Yes,Construction Material,Medium,1100,1.6
13742,20.1,171,Truck,Yes,Appliances,Medium,1350,1.9
13743,20.5,183,Mini Truck,Yes,Appliances,Low,950,2.1
13744,41.5,297,E-Rickshaw Loader,No,Grocery,Low,530,2.1
13745,30.3,292,E-Rickshaw Loader,Yes,Electronics,High,740,2.5
13746,58.8,173,Pickup,Yes,Electronics,Medium,1270,3.8
13747,41.4,238,Mini Truck,No,Grocery,Low,960,1.5
13748,38.1,304,Pickup,No,Construction Material,Low,760,1.9
13749,74.0,641,Pickup,Yes,Grocery,Low,1460,4.0
13750,40.1,761,Truck,No,Grocery,Low,1690,1.7
13751,52.6,500,Truck,Yes,Furniture,Medium,2220,3.3
13752,5.2,84,Truck,No,Grocery,Medium,800,1.3
13753,17.7,698,Pickup,No,Furniture,High,620,1.6
13754,29.4,502,Mini Truck,No,Appliances,High,1050,1.9
13755,23.7,581,Pickup,No,Furniture,Medium,580,1.5
13756,12.3,182,Pickup,No,Grocery,High,430,0.9
13757,38.4,498,Pickup,No,Furniture,Medium,870,2.3
13758,44.6,272,Pickup,No,Clothing,Medium,860,2.5
13759,21.1,172,Mini Truck,No,Electronics,Low,760,1.5
13760,18.4,532,Truck,No,Furniture,Low,1140,1.5
13761,15.2,300,E-Rickshaw Loader,Yes,Construction Material,Low,510,2.3
13762,39.5,491,Mini Truck,No,Appliances,Low,1210,2.2
13763,18.1,237,Mini Truck,Yes,Appliances,Medium,920,2.1
13764,23.1,124,Pickup,Yes,Electronics,Low,750,1.9
13765,49.0,232,Mini Truck,No,Clothing,Low,1150,2.3
13766,27.5,101,Pickup,No,Furniture,High,680,2.0
13767,23.1,503,Mini Truck,Yes,Furniture,Medium,1060,2.5
13768,14.2,24,Mini Truck,Yes,Grocery,Medium,800,1.9
13769,22.2,669,Pickup,No,Electronics,Low,570,1.1
13770,12.6,108,E-Rickshaw Loader,Yes,Clothing,High,480,2.1
13771,26.3,614,Mini Truck,No,Appliances,Low,810,2.1
13772,15.7,461,Truck,No,Furniture,Medium,880,1.6
13773,17.3,43,Pickup,No,Electronics,Medium,450,1.6
13774,22.3,361,Mini Truck,No,Grocery,Medium,810,1.4
13775,63.6,95,Mini Truck,Yes,Construction Material,High,1740,4.4
13776,29.1,363,Truck,Yes,Appliances,Low,1600,2.6
13777,8.6,185,Truck,Yes,Appliances,High,1020,2.1
13778,18.1,44,Mini Truck,No,Construction Material,Medium,690,1.3
13779,14.5,444,Mini Truck,No,Electronics,Medium,790,1.1
13780,14.0,292,Truck,No,Clothing,High,1000,1.2
13781,14.4,314,Pickup,No,Electronics,Medium,450,1.3
13782,18.5,53,Pickup,No,Appliances,Medium,490,1.4
13783,12.9,47,E-Rickshaw Loader,No,Furniture,Low,260,1.1
13784,12.9,250,Truck,No,Construction Material,High,950,1.6
13785,14.5,602,Truck,Yes,Furniture,Medium,1190,2.2
13786,14.0,216,E-Rickshaw Loader,Yes,Grocery,High,520,2.1
13787,11.4,435,Mini Truck,No,Construction Material,High,610,1.2
13788,33.6,732,Mini Truck,Yes,Clothing,Low,1220,2.9
13789,16.7,194,E-Rickshaw Loader,No,Clothing,Medium,340,1.4
13790,19.2,453,Truck,No,Construction Material,High,980,2.0
13791,18.1,69,Pickup,Yes,Electronics,Medium,780,2.3
13792,13.6,233,E-Rickshaw Loader,Yes,Appliances,Medium,560,2.0
13793,11.0,166,Mini Truck,No,Clothing,Low,630,0.9
13794,35.8,429,Mini Truck,No,Furniture,Medium,1000,1.7
13795,11.5,267,E-Rickshaw Loader,Yes,Appliances,Medium,490,2.1
13796,12.0,230,Mini Truck,No,Appliances,Medium,560,1.4
13797,43.0,422,Mini Truck,No,Construction Material,Medium,1200,2.8
13798,14.7,169,E-Rickshaw Loader,Yes,Electronics,Low,490,1.6
13799,22.2,221,Pickup,No,Construction Material,Medium,550,1.6
13800,17.4,184,Mini Truck,No,Grocery,High,660,1.3
13801,21.6,106,Pickup,No,Construction Material,Medium,550,1.5
13802,56.2,274,Truck,Yes,Construction Material,High,2710,3.8
13803,12.6,170,Truck,Yes,Appliances,Medium,1240,1.8
13804,33.6,161,Truck,No,Construction Material,High,1460,2.3
13805,35.7,475,Pickup,No,Electronics,Medium,780,2.2
13806,34.0,338,Truck,No,Clothing,High,1550,2.5
13807,54.7,629,Mini Truck,No,Electronics,Medium,1340,3.3
13808,3.2,219,Pickup,No,Electronics,Medium,280,0.7
13809,6.8,114,E-Rickshaw Loader,No,Grocery,High,200,0.8
13810,10.8,207,E-Rickshaw Loader,No,Furniture,Medium,260,1.1
13811,15.4,498,Mini Truck,Yes,Appliances,Low,920,2.0
13812,26.6,383,Mini Truck,No,Construction Material,Low,830,1.3
13813,11.3,157,Pickup,No,Clothing,Medium,410,0.8
13814,11.2,318,Mini Truck,No,Electronics,Medium,590,1.6
13815,23.8,110,Pickup,Yes,Clothing,Medium,740,2.5
13816,31.1,168,Mini Truck,No,Construction Material,Medium,980,2.1
13817,21.9,687,Pickup,No,Grocery,Low,600,1.5
13818,32.1,204,Truck,Yes,Appliances,Medium,1510,2.9
13819,5.6,580,Truck,Yes,Grocery,Low,920,1.9
13820,12.9,399,Mini Truck,Yes,Construction Material,Medium,940,2.5
13821,10.4,703,Pickup,No,Furniture,High,440,1.3
13822,14.7,388,Pickup,No,Electronics,High,470,1.4
13823,21.1,371,Truck,Yes,Appliances,Medium,1380,2.5
13824,4.5,70,Pickup,No,Clothing,Medium,320,0.7
13825,14.6,172,Pickup,No,Construction Material,Medium,450,0.9
13826,12.8,249,E-Rickshaw Loader,Yes,Appliances,Low,540,2.0
13827,6.1,1138,Mini Truck,Yes,Grocery,High,900,1.5
13828,32.7,183,Mini Truck,Yes,Construction Material,Medium,940,2.6
13829,21.8,117,Truck,Yes,Grocery,Medium,1470,2.0
13830,14.8,84,Pickup,Yes,Construction Material,Medium,650,1.4
13831,61.0,68,Pickup,Yes,Electronics,Low,1250,3.2
13832,6.7,1164,Truck,No,Grocery,Low,870,0.9
13833,63.2,350,Truck,Yes,Appliances,Low,2380,4.0
13834,18.4,131,Pickup,No,Furniture,Medium,460,1.2
13835,12.0,746,Mini Truck,Yes,Furniture,Low,970,1.7
13836,15.1,680,Pickup,No,Furniture,High,490,1.3
13837,16.4,137,Truck,No,Electronics,Medium,960,1.3
13838,68.5,213,E-Rickshaw Loader,No,Grocery,High,1120,4.0
13839,26.7,669,Truck,No,Furniture,High,1230,2.2
13840,9.0,503,Mini Truck,Yes,Construction Material,Medium,800,1.7
13841,35.7,268,Mini Truck,No,Construction Material,Low,860,1.8
13842,16.5,242,E-Rickshaw Loader,No,Clothing,Medium,350,1.3
13843,2.0,67,Mini Truck,No,Appliances,Low,380,0.8
13844,35.1,112,Pickup,No,Construction Material,Low,780,2.6
13845,35.7,164,Pickup,Yes,Furniture,Medium,890,3.3
13846,17.2,147,Mini Truck,No,Furniture,Medium,600,1.4
13847,13.4,30,Truck,No,Clothing,Low,890,1.0
13848,38.1,224,Mini Truck,No,Construction Material,Medium,1160,2.2
13849,12.9,454,Mini Truck,Yes,Furniture,Low,900,1.7
13850,43.8,257,E-Rickshaw Loader,Yes,Electronics,Medium,720,3.3
13851,13.1,523,Pickup,No,Clothing,High,380,1.3
13852,20.0,227,E-Rickshaw Loader,Yes,Construction Material,Medium,550,2.4
13853,28.6,417,Mini Truck,Yes,Construction Material,High,1220,2.3
13854,24.7,193,Truck,Yes,Electronics,Medium,1360,2.2
13855,12.2,51,Mini Truck,No,Construction Material,Low,620,1.4
13856,27.5,49,E-Rickshaw Loader,Yes,Clothing,Medium,600,2.3
13857,34.5,333,Pickup,No,Appliances,Low,850,1.6
13858,9.4,138,Mini Truck,Yes,Clothing,Medium,690,1.7
13859,29.2,320,Pickup,Yes,Construction Material,Medium,890,3.0
13860,19.5,101,Truck,Yes,Construction Material,High,1230,2.5
13861,10.0,726,Truck,No,Grocery,Medium,990,1.0
13862,26.7,230,Mini Truck,Yes,Electronics,High,1110,2.6
13863,37.1,246,Pickup,No,Appliances,Medium,690,2.0
13864,14.1,264,Pickup,No,Construction Material,Low,470,0.8
13865,27.7,196,E-Rickshaw Loader,No,Construction Material,Medium,390,1.6
13866,16.4,114,Pickup,Yes,Appliances,High,620,2.7
13867,32.4,269,Pickup,No,Appliances,Medium,750,2.3
13868,41.7,313,Mini Truck,No,Construction Material,Medium,1030,2.3
13869,25.8,151,Mini Truck,No,Furniture,Medium,810,1.6
13870,34.3,261,E-Rickshaw Loader,Yes,Grocery,Medium,760,3.1
13871,38.4,620,Pickup,Yes,Appliances,Low,1120,2.6
13872,14.0,50,Pickup,Yes,Electronics,Low,630,2.1
13873,16.2,497,Pickup,No,Appliances,Low,530,0.9
13874,28.2,39,Truck,Yes,Furniture,Medium,1630,2.6
13875,47.8,151,E-Rickshaw Loader,Yes,Construction Material,High,760,3.7
13876,8.1,190,Pickup,Yes,Grocery,High,570,1.9
13877,30.3,195,Pickup,Yes,Electronics,Low,940,2.8
13878,45.3,695,Truck,Yes,Appliances,Medium,2180,3.2
13879,19.1,206,Mini Truck,Yes,Construction Material,Medium,910,1.9
13880,21.5,206,Pickup,No,Electronics,Medium,540,1.4
13881,21.1,88,Mini Truck,No,Grocery,Medium,780,1.8
13882,20.3,375,Mini Truck,Yes,Clothing,Low,990,2.2
13883,11.9,253,Truck,Yes,Electronics,High,1220,2.0
13884,19.7,428,Pickup,Yes,Appliances,High,790,2.7
13885,12.2,86,Truck,No,Furniture,Low,890,1.2
13886,32.8,914,Truck,No,Electronics,Medium,1320,2.6
13887,4.9,522,Truck,No,Furniture,Low,760,0.5
13888,37.4,310,Mini Truck,Yes,Furniture,Low,1160,2.7
13889,41.2,596,Mini Truck,Yes,Electronics,High,1220,3.1
13890,24.5,463,Pickup,No,Appliances,Medium,580,1.4
13891,60.1,381,Mini Truck,No,Furniture,Medium,1540,3.5
13892,28.9,260,Mini Truck,No,Electronics,Medium,880,1.6
13893,26.7,202,Mini Truck,No,Electronics,High,860,2.3
13894,4.7,235,Mini Truck,No,Construction Material,High,480,0.6
13895,42.9,342,Mini Truck,Yes,Clothing,Low,1370,2.9
13896,10.9,250,Truck,Yes,Clothing,High,1050,1.6
13897,9.8,490,Pickup,No,Furniture,High,400,1.3
13898,25.2,773,Truck,No,Construction Material,Medium,1380,1.7
13899,12.3,104,Mini Truck,Yes,Construction Material,Medium,770,2.2
13900,18.9,103,Truck,Yes,Grocery,Low,1050,2.3
13901,45.1,208,Mini Truck,Yes,Grocery,Low,1350,3.0
13902,55.7,50,Pickup,No,Clothing,Medium,1070,3.0
13903,14.1,871,Truck,No,Grocery,High,1050,1.0
13904,19.5,640,Pickup,No,Electronics,High,530,1.7
13905,80.2,257,Truck,Yes,Electronics,Medium,2690,4.8
13906,55.4,276,Mini Truck,Yes,Grocery,Medium,1370,3.9
13907,38.9,388,Mini Truck,No,Electronics,Medium,1130,2.4
13908,12.3,153,Pickup,Yes,Construction Material,Medium,640,1.8
13909,14.3,228,Mini Truck,No,Appliances,Low,620,0.9
13910,38.6,163,Pickup,Yes,Construction Material,Medium,970,3.0
13911,4.0,214,E-Rickshaw Loader,No,Grocery,Low,200,0.7
13912,43.3,320,Pickup,No,Clothing,Low,900,1.8
13913,50.4,270,E-Rickshaw Loader,No,Clothing,Low,600,2.1
13914,17.5,599,Truck,No,Grocery,Medium,1160,1.6
13915,56.3,273,Truck,Yes,Construction Material,Low,2340,3.5
13916,29.8,287,Pickup,No,Clothing,Medium,740,1.8
13917,8.6,72,Mini Truck,Yes,Electronics,High,700,2.1
13918,23.6,479,Pickup,No,Grocery,Medium,590,1.6
13919,13.3,337,Mini Truck,No,Furniture,Medium,640,1.3
13920,25.8,516,Truck,Yes,Appliances,Low,1620,2.3
13921,8.1,141,Truck,Yes,Furniture,Medium,930,1.8
13922,59.0,110,Pickup,No,Furniture,Medium,1080,3.9
13923,32.5,247,Mini Truck,Yes,Grocery,Medium,1190,2.6
13924,16.1,41,Pickup,Yes,Appliances,Medium,660,2.2
13925,26.2,904,Truck,No,Grocery,Medium,1310,1.8
13926,21.7,241,E-Rickshaw Loader,Yes,Clothing,High,610,2.8
13927,60.4,20,Mini Truck,No,Construction Material,Medium,1340,3.1
13928,21.4,196,Mini Truck,No,Construction Material,Low,860,1.9
13929,25.2,261,Mini Truck,Yes,Appliances,Medium,1000,2.4
13930,7.1,778,Pickup,No,Furniture,Medium,410,0.8
13931,25.6,311,Truck,No,Appliances,Low,1220,1.7
13932,29.0,78,Pickup,No,Appliances,High,650,2.4
13933,9.8,392,Mini Truck,Yes,Appliances,Medium,730,1.5
13934,35.5,307,Pickup,Yes,Clothing,Medium,1060,2.7
13935,3.6,254,Pickup,No,Appliances,Medium,280,0.8
13936,19.4,222,Mini Truck,Yes,Electronics,Medium,930,2.4
13937,6.8,571,Pickup,No,Electronics,High,370,1.3
13938,22.9,300,Pickup,Yes,Electronics,Low,760,2.2
13939,16.7,286,Pickup,Yes,Furniture,Medium,580,2.4
13940,30.4,665,Pickup,Yes,Clothing,Low,1060,2.0
13941,21.2,527,Mini Truck,No,Furniture,High,790,1.4
13942,29.9,393,Truck,Yes,Furniture,Medium,1420,2.7
13943,23.3,167,E-Rickshaw Loader,No,Clothing,High,330,2.0
13944,44.7,234,Pickup,Yes,Appliances,High,1070,3.6
13945,40.6,278,E-Rickshaw Loader,No,Clothing,Medium,570,2.2
13946,12.8,88,E-Rickshaw Loader,No,Appliances,Low,260,1.2
13947,42.5,199,Mini Truck,No,Construction Material,Medium,1250,2.3
13948,28.9,309,Mini Truck,No,Appliances,Low,800,2.0
13949,47.4,454,Pickup,Yes,Grocery,High,1200,3.8
13950,10.1,441,Pickup,Yes,Appliances,Low,670,2.4
13951,8.1,57,E-Rickshaw Loader,No,Furniture,Medium,220,1.0
13952,8.2,223,Truck,No,Clothing,Low,880,0.8
13953,56.2,150,Truck,No,Construction Material,Low,2040,2.6
13954,48.0,45,Pickup,Yes,Construction Material,Low,1120,3.4
13955,40.6,268,Pickup,No,Clothing,Medium,820,2.3
13956,7.3,197,Truck,No,Appliances,Low,720,0.5
13957,40.9,301,Truck,No,Appliances,Medium,1690,2.2
13958,7.7,444,Pickup,Yes,Furniture,Medium,590,1.1
13959,2.0,282,E-Rickshaw Loader,No,Electronics,High,200,0.8
13960,16.4,292,E-Rickshaw Loader,No,Furniture,High,330,1.1
13961,19.7,337,Mini Truck,Yes,Furniture,Medium,990,2.2
13962,51.9,758,Pickup,No,Electronics,Medium,1000,2.4
13963,9.9,116,E-Rickshaw Loader,No,Clothing,Medium,240,1.0
13964,84.0,386,Mini Truck,No,Grocery,Medium,1890,4.2
13965,25.6,165,E-Rickshaw Loader,Yes,Clothing,Medium,610,2.4
13966,20.7,244,Mini Truck,No,Grocery,Medium,810,1.5
13967,20.6,536,Pickup,No,Construction Material,Medium,590,1.0
13968,8.0,242,E-Rickshaw Loader,No,Furniture,Low,230,0.9
13969,17.5,607,Mini Truck,Yes,Clothing,Medium,920,2.0
13970,27.0,169,Pickup,No,Clothing,Medium,600,1.8
13971,41.5,112,Truck,No,Electronics,High,1700,2.6
13972,17.0,352,Mini Truck,Yes,Electronics,Low,810,1.9
13973,25.5,364,Pickup,Yes,Electronics,Medium,830,2.4
13974,37.4,230,Mini Truck,Yes,Clothing,High,1190,3.3
13975,16.6,468,Pickup,No,Clothing,Low,500,1.6
13976,43.2,37,Truck,No,Construction Material,High,1660,2.7
13977,32.6,128,Pickup,No,Electronics,High,710,2.4
13978,38.8,407,Mini Truck,Yes,Furniture,Medium,1360,3.4
13979,4.3,250,E-Rickshaw Loader,Yes,Furniture,Medium,430,1.7
13980,18.1,176,Mini Truck,Yes,Furniture,High,960,2.5
13981,13.7,332,Truck,No,Electronics,Medium,960,1.0
13982,3.4,576,Truck,Yes,Furniture,Low,950,1.6
13983,40.8,387,Pickup,Yes,Construction Material,High,1020,3.5
13984,6.0,512,Pickup,Yes,Grocery,Low,590,2.1
13985,53.1,402,Truck,Yes,Grocery,Low,2040,3.0
13986,21.6,679,Truck,Yes,Construction Material,High,1520,3.0
13987,30.6,198,E-Rickshaw Loader,No,Construction Material,Low,490,2.0
13988,14.1,601,Mini Truck,No,Construction Material,Medium,590,1.4
13989,43.0,62,Pickup,No,Electronics,Medium,850,2.1
13990,21.1,101,Truck,No,Clothing,Medium,1260,1.3
13991,31.8,276,E-Rickshaw Loader,No,Appliances,Low,430,1.9
13992,46.0,95,Pickup,No,Electronics,Medium,990,2.0
13993,34.7,231,Mini Truck,Yes,Furniture,Medium,1130,2.5
13994,16.7,202,E-Rickshaw Loader,No,Appliances,Low,300,1.4
13995,21.2,114,Mini Truck,No,Appliances,Medium,780,1.8
13996,39.7,544,Mini Truck,No,Furniture,Medium,1160,2.8
13997,18.4,221,Pickup,No,Furniture,High,510,1.4
13998,22.6,105,Pickup,No,Clothing,Medium,530,1.3
13999,27.7,298,Mini Truck,Yes,Electronics,Medium,1000,2.4
14000,14.1,642,Pickup,No,Appliances,Medium,490,1.3
14001,20.9,93,Mini Truck,No,Electronics,High,720,1.6
14002,25.5,87,Truck,No,Appliances,Medium,1180,1.3
14003,25.2,450,Mini Truck,Yes,Furniture,Medium,1060,2.6
14004,24.6,190,Pickup,Yes,Electronics,Medium,810,2.2
14005,17.1,588,Pickup,No,Appliances,Medium,570,1.5
14006,26.3,364,Pickup,Yes,Electronics,Low,870,2.5
14007,51.1,574,Pickup,Yes,Furniture,Medium,1250,3.5
14008,21.1,355,Pickup,No,Appliances,Medium,530,1.6
14009,26.1,95,Mini Truck,No,Furniture,Medium,790,1.6
14010,20.9,138,E-Rickshaw Loader,No,Furniture,Low,360,1.3
14011,49.4,155,E-Rickshaw Loader,No,Electronics,Medium,670,2.4
14012,18.4,419,Pickup,Yes,Construction Material,Medium,750,1.3
14013,11.1,290,Mini Truck,No,Clothing,Low,620,1.0
14014,35.5,49,Pickup,No,Appliances,Low,740,1.6
14015,17.8,477,Mini Truck,No,Construction Material,Medium,690,1.1
14016,34.2,590,Pickup,No,Grocery,Medium,740,1.8
14017,15.7,112,Truck,Yes,Grocery,Medium,1140,2.3
14018,9.1,129,Truck,No,Appliances,Medium,870,1.3
14019,21.6,171,Pickup,No,Clothing,Medium,530,1.6
14020,6.6,265,Pickup,Yes,Appliances,Medium,560,1.6
14021,27.3,121,Pickup,No,Appliances,Medium,590,1.8
14022,38.5,666,Pickup,No,Electronics,Low,830,2.2
14023,69.2,839,Mini Truck,No,Construction Material,Medium,1670,3.9
14024,15.2,320,Truck,No,Construction Material,Low,1180,1.0
14025,12.6,279,Mini Truck,No,Furniture,Medium,550,0.8
14026,37.9,56,Truck,No,Furniture,Medium,1640,2.3
14027,36.1,103,Pickup,No,Appliances,Medium,710,1.7
14028,37.7,30,Pickup,No,Construction Material,Low,840,2.0
14029,69.8,178,Mini Truck,No,Construction Material,Low,1540,3.1
14030,22.6,206,Pickup,Yes,Construction Material,Low,830,2.2
14031,78.8,446,Mini Truck,No,Clothing,Medium,1840,4.4
14032,17.3,323,Pickup,Yes,Furniture,Medium,650,2.1
14033,13.4,147,E-Rickshaw Loader,Yes,Construction Material,Low,480,2.0
14034,12.4,463,Truck,No,Grocery,Medium,990,1.4
14035,11.8,613,Pickup,Yes,Appliances,Medium,730,1.9
14036,72.0,480,Truck,Yes,Grocery,Medium,2640,4.3
14037,47.8,192,Truck,No,Appliances,Medium,2140,2.5
14038,67.9,349,Mini Truck,Yes,Grocery,Medium,2080,4.4
14039,4.1,117,Mini Truck,No,Appliances,High,450,0.9
14040,7.7,106,Mini Truck,No,Appliances,Low,450,1.3
14041,17.8,881,Truck,Yes,Construction Material,Low,1320,1.9
14042,15.8,353,Pickup,No,Grocery,Medium,480,1.2
14043,26.2,587,Mini Truck,Yes,Grocery,Medium,1120,2.7
14044,23.0,236,Mini Truck,Yes,Clothing,High,940,2.7
14045,9.7,105,Pickup,Yes,Construction Material,Low,540,1.7
14046,14.5,87,Mini Truck,No,Grocery,Low,530,1.1
14047,18.6,135,Pickup,Yes,Construction Material,Medium,590,2.1
14048,8.5,388,Mini Truck,No,Clothing,Low,540,0.7
14049,20.4,70,Truck,No,Furniture,Medium,1240,1.5
14050,9.0,300,Pickup,No,Furniture,High,340,1.2
14051,20.0,426,Truck,Yes,Furniture,Low,1350,2.2
14052,11.0,102,Mini Truck,No,Electronics,Medium,560,1.0
14053,40.8,1238,Truck,No,Grocery,Medium,1790,2.4
14054,29.7,539,Mini Truck,No,Clothing,Medium,900,1.6
14055,29.2,264,Mini Truck,No,Grocery,Low,830,1.8
14056,35.7,156,E-Rickshaw Loader,Yes,Furniture,Low,740,2.3
14057,30.8,363,Truck,No,Grocery,Low,1210,1.8
14058,41.0,246,E-Rickshaw Loader,No,Appliances,High,590,2.8
14059,24.7,305,Truck,Yes,Grocery,Medium,1380,2.5
14060,35.4,372,Truck,No,Appliances,Medium,1550,2.1
14061,28.6,124,Pickup,Yes,Furniture,Low,910,2.2
14062,28.5,478,Pickup,No,Furniture,Low,650,1.6
14063,6.2,81,Mini Truck,No,Clothing,Medium,460,1.4
14064,9.9,34,Pickup,No,Grocery,Medium,360,1.0
14065,26.4,441,Truck,No,Clothing,Medium,1510,1.6
14066,12.5,234,E-Rickshaw Loader,Yes,Appliances,Medium,480,1.5
14067,21.1,285,Pickup,No,Electronics,Medium,550,1.6
14068,15.0,171,Truck,Yes,Clothing,Low,1190,2.0
14069,15.4,198,Mini Truck,No,Construction Material,Medium,710,1.1
14070,22.9,120,Truck,No,Appliances,Low,1130,1.4
14071,18.2,350,Pickup,Yes,Grocery,Medium,780,1.8
14072,52.5,27,Mini Truck,Yes,Furniture,Medium,1400,3.6
14073,6.8,46,Mini Truck,Yes,Construction Material,Low,620,1.8
14074,32.4,125,Mini Truck,Yes,Appliances,Medium,1170,2.2
14075,36.7,319,Mini Truck,No,Furniture,High,1130,2.4
14076,54.8,268,Mini Truck,Yes,Electronics,Low,1530,3.8
14077,23.3,700,Mini Truck,No,Electronics,Medium,820,1.6
14078,34.4,231,Pickup,No,Clothing,Medium,770,2.2
14079,52.0,505,Mini Truck,Yes,Electronics,Low,1580,3.5
14080,14.1,307,Pickup,No,Electronics,Medium,480,1.3
14081,11.0,33,Mini Truck,Yes,Construction Material,Medium,650,1.8
14082,24.0,105,Pickup,No,Furniture,Medium,540,1.2
14083,18.9,120,Mini Truck,No,Furniture,High,700,2.2
14084,34.8,148,Mini Truck,No,Grocery,Low,1020,2.0
14085,7.2,213,Pickup,Yes,Grocery,Medium,550,1.9
14086,49.9,233,E-Rickshaw Loader,No,Grocery,Medium,670,3.0
14087,26.5,245,Pickup,No,Furniture,Low,660,1.8
14088,18.5,164,Mini Truck,Yes,Grocery,High,820,2.5
14089,22.3,529,Truck,No,Clothing,Medium,1260,1.5
14090,42.5,177,E-Rickshaw Loader,No,Grocery,Medium,630,2.3
14091,31.2,20,Mini Truck,Yes,Construction Material,Medium,1070,2.9
14092,22.0,266,Pickup,Yes,Furniture,Medium,730,2.4
14093,19.2,650,Mini Truck,No,Furniture,Low,810,1.3
14094,19.9,234,Truck,Yes,Appliances,Low,1490,2.4
14095,33.9,110,Pickup,No,Electronics,Low,730,2.3
14096,18.1,502,Mini Truck,No,Grocery,Medium,680,1.1
14097,32.2,96,E-Rickshaw Loader,Yes,Appliances,Low,660,2.7
14098,11.3,283,E-Rickshaw Loader,Yes,Clothing,Medium,450,1.6
14099,12.9,232,Pickup,No,Clothing,Low,450,1.1
14100,21.8,56,E-Rickshaw Loader,No,Clothing,Low,350,1.0
14101,19.1,577,Mini Truck,No,Furniture,Medium,700,1.2
14102,13.5,370,Mini Truck,No,Appliances,Medium,640,1.2
14103,8.9,718,Mini Truck,Yes,Appliances,Medium,810,2.0
14104,12.0,267,Pickup,No,Electronics,Low,380,0.7
14105,57.7,118,Pickup,No,Clothing,Low,1130,2.8
14106,13.4,62,Mini Truck,Yes,Grocery,High,800,2.1
14107,23.0,534,Truck,Yes,Clothing,Low,1420,2.6
14108,13.4,108,E-Rickshaw Loader,No,Furniture,Medium,300,1.1
14109,17.8,1233,Truck,Yes,Construction Material,Medium,1420,2.3
14110,39.2,906,Mini Truck,Yes,Furniture,Low,1390,2.8
14111,18.8,287,Mini Truck,No,Construction Material,Medium,740,1.1
14112,17.2,219,Mini Truck,Yes,Electronics,High,940,2.1
14113,14.0,146,E-Rickshaw Loader,Yes,Grocery,High,490,1.9
14114,18.3,163,E-Rickshaw Loader,No,Construction Material,Medium,320,0.9
14115,28.6,1088,Mini Truck,No,Appliances,Medium,960,2.2
14116,4.6,192,Pickup,Yes,Furniture,Medium,490,1.5
14117,7.9,390,Truck,No,Appliances,Medium,820,1.1
14118,29.1,411,Pickup,No,Grocery,Medium,670,1.5
14119,22.7,555,Pickup,No,Appliances,High,620,1.7
14120,14.6,366,Mini Truck,Yes,Grocery,Low,830,2.0
14121,30.2,269,Pickup,No,Appliances,Medium,730,1.9
14122,16.6,134,Mini Truck,No,Construction Material,Medium,660,1.1
14123,38.8,403,Mini Truck,No,Grocery,Medium,1020,2.4
14124,14.2,344,Truck,Yes,Electronics,Low,1240,1.4
14125,11.1,189,Mini Truck,No,Appliances,Low,560,0.6
14126,91.0,379,Mini Truck,No,Clothing,Medium,1960,4.4
14127,34.0,251,Mini Truck,No,Grocery,Medium,1080,1.4
14128,12.3,344,Truck,No,Furniture,Medium,920,0.9
14129,16.7,461,Pickup,No,Clothing,Medium,490,1.2
14130,14.2,266,E-Rickshaw Loader,Yes,Appliances,Medium,540,2.4
14131,5.6,492,Pickup,Yes,Electronics,Medium,610,1.5
14132,17.5,304,Pickup,Yes,Appliances,Low,760,1.9
14133,24.3,555,Mini Truck,No,Furniture,Low,810,1.0
14134,50.8,210,Mini Truck,No,Appliances,High,1310,3.2
14135,20.4,111,Mini Truck,Yes,Clothing,Medium,830,2.3
14136,15.6,185,E-Rickshaw Loader,No,Grocery,Low,260,0.9
14137,54.8,824,Mini Truck,Yes,Electronics,Low,1630,3.6
14138,47.6,517,Pickup,Yes,Construction Material,Medium,1210,3.6
14139,24.2,818,Mini Truck,Yes,Construction Material,Medium,1340,2.3
14140,22.6,188,Mini Truck,No,Appliances,High,840,1.2
14141,28.4,268,Pickup,No,Clothing,Medium,610,1.5
14142,14.0,117,Pickup,No,Construction Material,Low,460,1.5
14143,22.0,87,E-Rickshaw Loader,Yes,Appliances,Medium,500,2.4
14144,13.6,742,Truck,Yes,Construction Material,Low,1420,1.7
14145,48.6,693,Truck,Yes,Appliances,Medium,2070,3.8
14146,11.5,432,Mini Truck,No,Appliances,Low,580,1.0
14147,25.5,190,E-Rickshaw Loader,Yes,Appliances,Medium,650,2.5
14148,26.3,470,Pickup,Yes,Furniture,High,850,3.3
14149,51.1,654,Mini Truck,No,Construction Material,Medium,1500,3.0
14150,15.5,886,Mini Truck,No,Grocery,Low,690,1.1
14151,13.2,68,E-Rickshaw Loader,Yes,Grocery,Medium,480,2.0
14152,32.8,214,E-Rickshaw Loader,No,Grocery,Medium,490,2.1
14153,30.0,197,Mini Truck,No,Appliances,High,950,2.3
14154,68.9,241,Pickup,No,Electronics,High,1160,3.8
14155,24.5,409,Pickup,Yes,Grocery,Low,740,2.7
14156,48.0,36,E-Rickshaw Loader,No,Electronics,High,590,3.4
14157,44.7,186,Mini Truck,No,Electronics,Low,1140,2.0
14158,13.1,202,Truck,Yes,Construction Material,Low,1140,1.9
14159,6.4,301,Truck,Yes,Furniture,Low,970,1.6
14160,17.7,331,Mini Truck,Yes,Electronics,Low,780,2.1
14161,37.9,238,Mini Truck,No,Construction Material,High,1010,2.7
14162,51.7,241,E-Rickshaw Loader,No,Furniture,Medium,690,2.7
14163,2.0,255,Mini Truck,Yes,Furniture,Medium,610,1.6
14164,11.5,407,Pickup,Yes,Appliances,High,640,2.1
14165,28.4,459,Mini Truck,No,Appliances,Medium,880,1.9
14166,33.7,129,Pickup,No,Grocery,Low,720,1.9
14167,10.2,136,Pickup,No,Grocery,Medium,350,1.2
14168,13.6,246,E-Rickshaw Loader,Yes,Appliances,High,490,2.1
14169,5.3,699,Pickup,No,Furniture,High,360,0.5
14170,58.9,241,E-Rickshaw Loader,No,Construction Material,Medium,700,2.8
14171,25.6,133,Pickup,No,Construction Material,High,600,1.6
14172,13.4,575,Truck,No,Clothing,High,850,1.0
14173,46.0,284,Mini Truck,No,Appliances,Low,1150,2.0
14174,25.6,691,Mini Truck,Yes,Grocery,Medium,1170,2.7
14175,51.1,375,Truck,Yes,Grocery,Low,2200,3.6
14176,55.6,434,Truck,No,Construction Material,Medium,2040,3.1
14177,10.2,776,Mini Truck,No,Appliances,High,620,0.9
14178,47.7,829,Truck,No,Appliances,Medium,1960,2.4
14179,46.6,319,Pickup,Yes,Construction Material,Medium,1150,3.2
14180,30.2,60,Pickup,No,Appliances,High,720,1.9
14181,31.8,157,Pickup,Yes,Furniture,Low,760,2.9
14182,24.4,1108,Mini Truck,Yes,Grocery,Low,1280,1.9
14183,8.6,450,Mini Truck,No,Furniture,Low,470,1.0
14184,8.0,133,Pickup,Yes,Furniture,Medium,520,1.4
14185,60.4,179,Pickup,Yes,Construction Material,High,1380,4.5
14186,25.6,620,Mini Truck,No,Appliances,Medium,910,1.6
14187,18.6,644,Pickup,No,Construction Material,High,520,1.2
14188,33.1,297,Mini Truck,No,Construction Material,Medium,970,1.9
14189,13.0,693,Mini Truck,No,Furniture,Medium,630,1.3
14190,16.2,569,Mini Truck,No,Construction Material,Medium,740,0.9
14191,22.8,378,Mini Truck,No,Grocery,High,790,1.6
14192,14.7,492,Truck,No,Construction Material,Low,970,1.1
14193,31.0,367,Mini Truck,No,Electronics,Low,970,1.4
14194,20.3,709,Mini Truck,Yes,Construction Material,Low,1090,1.9
14195,30.8,512,Mini Truck,Yes,Grocery,High,1180,3.3
14196,32.8,68,Pickup,Yes,Construction Material,High,930,2.7
14197,45.3,253,E-Rickshaw Loader,No,Furniture,Medium,690,2.4
14198,17.7,132,Pickup,Yes,Grocery,High,590,2.4
14199,10.0,324,Mini Truck,Yes,Grocery,Medium,850,1.8
14200,51.1,242,Mini Truck,No,Clothing,Medium,1420,2.6
14201,4.9,174,Truck,Yes,Clothing,High,970,1.8
14202,94.5,97,Pickup,No,Appliances,Medium,1560,4.1
14203,14.0,31,Pickup,Yes,Construction Material,Medium,540,2.2
14204,20.5,701,Truck,Yes,Electronics,Low,1450,1.9
14205,8.7,263,E-Rickshaw Loader,Yes,Clothing,Low,440,1.1
14206,24.1,93,Mini Truck,No,Grocery,Medium,720,2.2
14207,14.6,373,Mini Truck,No,Electronics,Low,620,1.1
14208,9.0,51,Mini Truck,No,Clothing,Medium,520,1.2
14209,7.3,149,E-Rickshaw Loader,No,Furniture,Medium,220,1.2
14210,12.2,229,E-Rickshaw Loader,No,Furniture,Medium,250,0.9
14211,35.1,164,E-Rickshaw Loader,No,Clothing,Medium,420,2.0
14212,31.2,449,Mini Truck,Yes,Clothing,High,1170,3.0
14213,10.5,20,Mini Truck,No,Clothing,Low,510,0.8
14214,17.1,144,Pickup,Yes,Electronics,Medium,660,2.4
14215,40.7,542,Mini Truck,No,Appliances,High,970,3.0
14216,17.6,46,Truck,No,Clothing,Low,1020,1.2
14217,51.9,159,E-Rickshaw Loader,Yes,Appliances,Low,900,3.4
14218,80.4,594,Mini Truck,Yes,Clothing,Medium,2040,5.0
14219,12.3,1067,Mini Truck,No,Construction Material,Medium,680,1.2
14220,13.6,701,Pickup,Yes,Furniture,Low,740,1.7
14221,56.9,224,Pickup,Yes,Clothing,Medium,1100,3.2
14222,17.4,1062,Mini Truck,Yes,Clothing,Medium,1080,2.2
14223,42.5,554,Truck,Yes,Electronics,Medium,1860,3.4
14224,25.5,95,Truck,No,Clothing,Medium,1130,1.4
14225,19.1,54,Mini Truck,Yes,Construction Material,Medium,930,2.2
14226,33.9,522,Mini Truck,Yes,Construction Material,Medium,1280,2.9
14227,57.4,259,Pickup,Yes,Grocery,Medium,1230,3.9
14228,47.0,91,Mini Truck,Yes,Furniture,Medium,1380,3.4
14229,21.4,249,Mini Truck,Yes,Electronics,Medium,980,2.1
14230,26.0,626,Pickup,No,Clothing,High,580,2.2
14231,42.8,166,Mini Truck,No,Electronics,Medium,1050,2.4
14232,27.1,162,Mini Truck,Yes,Furniture,Medium,970,2.4
14233,62.7,246,Pickup,Yes,Appliances,Low,1410,3.2
14234,2.5,274,Truck,No,Electronics,High,770,0.8
14235,12.9,211,E-Rickshaw Loader,No,Construction Material,Medium,290,1.8
14236,32.1,454,Pickup,Yes,Appliances,Medium,970,2.7
14237,15.8,207,E-Rickshaw Loader,No,Construction Material,Medium,280,1.1
14238,58.6,267,Mini Truck,No,Clothing,Low,1510,2.7
14239,13.6,157,Mini Truck,No,Appliances,Medium,600,1.2
14240,24.1,186,Pickup,Yes,Appliances,Low,730,2.2
14241,12.2,748,Mini Truck,No,Construction Material,Medium,680,1.6
14242,20.8,563,Pickup,No,Grocery,Medium,630,1.5
14243,4.6,76,Mini Truck,Yes,Grocery,Low,660,1.2
14244,6.9,100,Mini Truck,Yes,Appliances,Low,790,1.4
14245,77.7,183,Pickup,No,Appliances,Medium,1290,4.2
14246,22.7,760,Truck,No,Appliances,Medium,1200,1.6
14247,16.9,210,Pickup,Yes,Construction Material,Low,650,1.9
14248,8.7,452,Pickup,Yes,Grocery,Medium,590,1.7
14249,10.1,249,Mini Truck,No,Electronics,Medium,610,1.2
14250,72.1,187,Truck,No,Furniture,Medium,2230,3.4
14251,23.7,236,Pickup,Yes,Clothing,Low,770,2.2
14252,46.1,92,E-Rickshaw Loader,Yes,Electronics,Low,880,3.2
14253,2.0,492,Pickup,No,Electronics,High,310,0.5
14254,14.3,155,Mini Truck,No,Appliances,High,580,1.6
14255,65.5,171,Pickup,No,Furniture,Medium,1180,3.0
14256,15.1,137,Mini Truck,No,Appliances,Medium,560,1.2
14257,9.6,836,Truck,No,Furniture,Medium,910,1.0
14258,30.2,197,Mini Truck,No,Appliances,Low,920,1.1
14259,6.0,342,Pickup,Yes,Grocery,High,570,1.5
14260,4.7,28,Pickup,No,Furniture,Low,330,0.9
14261,58.6,20,E-Rickshaw Loader,Yes,Construction Material,Medium,970,3.7
14262,12.1,95,Truck,Yes,Appliances,Medium,1010,1.8
14263,34.2,594,Pickup,Yes,Grocery,Medium,1030,2.7
14264,73.9,325,Pickup,Yes,Clothing,Medium,1540,4.8
14265,23.1,895,Mini Truck,Yes,Appliances,Medium,1290,2.5
14266,33.4,658,Mini Truck,Yes,Electronics,Low,1240,2.5
14267,4.7,140,Mini Truck,No,Appliances,Low,450,0.6
14268,11.2,250,E-Rickshaw Loader,No,Electronics,High,270,1.4
14269,64.9,732,Truck,No,Grocery,Medium,2120,3.4
14270,17.0,230,Truck,No,Electronics,High,940,1.7
14271,7.1,479,Mini Truck,No,Grocery,Medium,520,1.1
14272,32.2,78,Truck,Yes,Furniture,Medium,1680,1.9
14273,52.8,373,Pickup,No,Electronics,Medium,930,3.1
14274,15.2,283,Mini Truck,Yes,Grocery,Low,860,2.0
14275,32.3,142,Mini Truck,No,Construction Material,Medium,900,2.0
14276,41.5,257,Mini Truck,Yes,Construction Material,High,1150,3.0
14277,19.4,368,Pickup,No,Construction Material,High,550,1.4
14278,17.3,579,Pickup,Yes,Electronics,Medium,800,2.1
14279,72.1,459,Pickup,No,Appliances,Medium,1370,3.3
14280,7.7,525,Pickup,Yes,Grocery,High,660,2.1
14281,24.7,684,Pickup,No,Electronics,Medium,640,1.8
14282,20.7,124,Mini Truck,Yes,Construction Material,High,960,2.3
14283,20.6,104,Pickup,No,Clothing,Medium,540,1.9
14284,40.0,219,E-Rickshaw Loader,Yes,Furniture,High,630,3.5
14285,33.9,84,Mini Truck,Yes,Electronics,Low,1040,3.0
14286,27.7,237,Mini Truck,Yes,Appliances,Medium,1020,2.4
14287,4.7,517,Truck,No,Grocery,Low,770,0.9
14288,10.4,763,Mini Truck,Yes,Grocery,Medium,900,2.2
14289,18.4,381,Pickup,No,Appliances,Medium,550,1.7
14290,24.0,113,Truck,No,Furniture,Low,1270,1.7
14291,64.4,294,Mini Truck,No,Construction Material,Medium,1560,3.6
14292,23.5,238,E-Rickshaw Loader,No,Grocery,Low,400,1.8
14293,38.7,158,Mini Truck,Yes,Furniture,Low,1400,2.2
14294,21.3,59,Truck,No,Electronics,Low,1170,1.3
14295,36.5,526,Pickup,No,Construction Material,Medium,800,1.7
14296,22.5,243,Pickup,Yes,Furniture,Low,800,1.8
14297,8.9,474,Pickup,Yes,Construction Material,Low,670,1.6
14298,33.3,353,Pickup,Yes,Appliances,Low,1060,2.5
14299,31.0,244,Mini Truck,Yes,Clothing,Low,1050,2.8
14300,6.2,216,Mini Truck,No,Grocery,Low,430,0.5
14301,21.3,276,E-Rickshaw Loader,Yes,Furniture,Medium,590,2.3
14302,21.1,435,Truck,Yes,Grocery,Medium,1260,2.7
14303,13.8,20,Mini Truck,No,Grocery,High,590,1.3
14304,8.5,426,Mini Truck,No,Appliances,Low,610,1.4
14305,26.4,402,Truck,Yes,Appliances,High,1530,2.3
14306,60.3,236,E-Rickshaw Loader,Yes,Grocery,Medium,990,3.7
14307,35.5,791,Mini Truck,No,Furniture,Medium,1040,2.5
14308,5.4,162,Mini Truck,No,Appliances,Medium,510,0.7
14309,57.2,71,Truck,Yes,Clothing,Low,2290,3.4
14310,51.8,338,Mini Truck,No,Grocery,Medium,1270,3.2
14311,14.5,318,Pickup,No,Grocery,Medium,510,1.4
14312,5.8,221,Truck,Yes,Grocery,High,990,1.3
14313,15.0,411,Pickup,No,Appliances,High,460,1.5
14314,15.9,172,Truck,No,Electronics,Medium,870,1.1
14315,6.2,245,Truck,Yes,Clothing,Medium,1000,1.5
14316,26.1,425,Pickup,Yes,Furniture,Medium,840,2.5
14317,11.6,225,Mini Truck,Yes,Appliances,High,770,1.8
14318,7.5,210,E-Rickshaw Loader,Yes,Grocery,Medium,410,1.8
14319,18.1,226,Pickup,Yes,Electronics,Low,620,1.8
14320,59.2,116,Mini Truck,Yes,Furniture,Medium,1910,4.0
14321,40.4,517,Mini Truck,No,Construction Material,Medium,1070,2.5
14322,30.0,485,Truck,Yes,Electronics,Medium,1710,2.6
14323,14.6,474,Mini Truck,Yes,Construction Material,High,880,2.1
14324,6.3,261,Mini Truck,Yes,Electronics,Medium,570,1.7
14325,8.6,546,Truck,No,Furniture,High,860,1.1
14326,38.8,562,Truck,No,Grocery,High,1640,2.5
14327,11.5,243,E-Rickshaw Loader,No,Construction Material,Low,250,1.0
14328,24.5,265,Truck,Yes,Grocery,Low,1600,2.2
14329,30.3,179,E-Rickshaw Loader,Yes,Grocery,Medium,740,2.7
14330,5.1,115,Truck,Yes,Construction Material,High,950,1.5
14331,22.0,790,Pickup,No,Construction Material,Low,640,1.3
14332,28.5,230,Pickup,No,Furniture,Medium,600,2.0
14333,69.4,87,Mini Truck,No,Electronics,Medium,1480,4.0
14334,24.2,741,Mini Truck,No,Furniture,Medium,820,2.2
14335,37.5,257,Pickup,Yes,Clothing,Low,1140,2.8
14336,14.8,263,E-Rickshaw Loader,Yes,Construction Material,Low,490,1.7
14337,44.0,302,Mini Truck,No,Grocery,Low,1280,2.1
14338,7.1,157,Truck,No,Clothing,Medium,750,0.9
14339,31.0,531,Pickup,No,Electronics,Low,670,2.0
14340,25.0,245,Pickup,No,Construction Material,High,590,1.7
14341,49.3,462,Mini Truck,Yes,Furniture,Medium,1460,3.4
14342,30.4,165,E-Rickshaw Loader,Yes,Clothing,Medium,620,2.4
14343,18.7,426,Truck,Yes,Clothing,High,1490,2.8
14344,43.8,214,Truck,Yes,Clothing,Medium,1910,3.4
14345,30.0,506,Mini Truck,No,Appliances,Low,930,1.6
14346,9.5,276,Pickup,No,Clothing,High,390,1.1
14347,19.7,334,Mini Truck,No,Appliances,Low,790,1.0
14348,8.5,241,Mini Truck,Yes,Grocery,Low,740,1.8
14349,28.4,285,Truck,Yes,Grocery,Medium,1590,2.7
14350,30.7,500,Mini Truck,Yes,Appliances,Low,1280,2.1
14351,62.6,113,Mini Truck,No,Appliances,Medium,1380,3.1
14352,19.4,365,Mini Truck,Yes,Construction Material,Medium,900,2.1
14353,17.0,761,Pickup,No,Grocery,Medium,550,1.2
14354,5.5,671,Truck,No,Appliances,Low,760,0.7
14355,19.4,261,Mini Truck,No,Electronics,Medium,710,1.4
14356,17.8,320,Mini Truck,No,Furniture,Low,650,1.6
14357,23.8,202,Pickup,Yes,Construction Material,Low,740,2.4
14358,17.4,451,Mini Truck,Yes,Furniture,Medium,1020,2.4
14359,17.4,89,Mini Truck,No,Grocery,Medium,650,1.4
14360,23.7,214,Pickup,No,Clothing,Medium,570,1.5
14361,20.5,157,E-Rickshaw Loader,No,Electronics,Low,330,1.3
14362,17.1,209,Mini Truck,No,Appliances,High,640,1.7
14363,17.0,351,Mini Truck,No,Appliances,Low,640,1.3
14364,74.9,23,Mini Truck,Yes,Clothing,Medium,1710,4.9
14365,16.6,233,Pickup,No,Appliances,Low,460,1.2
14366,18.6,194,Mini Truck,Yes,Construction Material,Medium,900,1.8
14367,4.4,273,E-Rickshaw Loader,No,Construction Material,Medium,200,0.7
14368,44.1,132,Mini Truck,No,Appliances,Medium,1150,2.1
14369,2.0,355,Pickup,No,Grocery,Low,260,0.6
14370,9.9,262,Pickup,Yes,Grocery,Medium,580,1.5
14371,32.5,609,Pickup,No,Construction Material,Medium,720,1.9
14372,3.9,553,Pickup,No,Construction Material,Medium,320,0.8
14373,12.9,221,E-Rickshaw Loader,Yes,Clothing,Low,470,1.8
14374,21.5,624,Pickup,No,Construction Material,Medium,630,1.4
14375,20.3,374,Mini Truck,Yes,Clothing,Low,1020,2.0
14376,12.6,526,Mini Truck,No,Construction Material,Low,700,1.3
14377,37.6,243,Pickup,Yes,Grocery,Low,940,2.8
14378,39.2,325,Truck,No,Furniture,Low,1490,1.6
14379,33.2,336,Pickup,No,Clothing,Medium,720,2.0
14380,15.2,139,Mini Truck,No,Furniture,Medium,690,1.6
14381,24.7,285,E-Rickshaw Loader,No,Appliances,Medium,350,1.5
14382,13.8,263,E-Rickshaw Loader,Yes,Appliances,Medium,510,1.9
14383,90.9,265,Mini Truck,Yes,Construction Material,Medium,2170,5.4
14384,27.7,281,Mini Truck,No,Appliances,Medium,910,1.6
14385,15.3,172,Truck,No,Construction Material,High,1030,1.1
14386,80.4,102,Mini Truck,No,Furniture,Medium,1890,3.6
14387,16.8,487,Truck,Yes,Construction Material,Medium,1350,2.3
14388,27.0,109,E-Rickshaw Loader,No,Electronics,High,500,2.2
14389,38.0,103,E-Rickshaw Loader,No,Grocery,Low,600,1.8
14390,14.3,230,E-Rickshaw Loader,Yes,Grocery,Medium,530,1.7
14391,13.4,339,Pickup,No,Clothing,Low,430,1.3
14392,42.7,489,Mini Truck,No,Grocery,High,1140,2.7
14393,38.0,155,Mini Truck,No,Grocery,Medium,1130,1.7
14394,37.9,274,E-Rickshaw Loader,Yes,Electronics,Medium,820,3.1
14395,30.8,135,Truck,No,Construction Material,Medium,1300,2.0
14396,74.4,194,Truck,Yes,Electronics,Medium,2310,4.9
14397,23.1,160,Pickup,No,Electronics,Medium,500,1.8
14398,11.4,294,E-Rickshaw Loader,No,Clothing,High,290,1.4
14399,7.9,217,Pickup,Yes,Grocery,Medium,620,1.5
14400,16.4,125,Pickup,No,Furniture,High,470,1.1
14401,2.0,767,Pickup,No,Grocery,Medium,330,0.8
14402,53.6,838,Mini Truck,No,Construction Material,Medium,1570,2.9
14403,29.6,679,Pickup,No,Clothing,Low,820,1.8
14404,11.3,696,Pickup,Yes,Appliances,Low,750,1.8
14405,44.8,129,Truck,No,Clothing,High,1730,3.2
14406,7.9,881,Mini Truck,Yes,Grocery,Medium,840,1.6
14407,9.8,251,Truck,Yes,Electronics,Medium,1060,1.8
14408,23.7,385,Pickup,Yes,Furniture,Medium,780,2.2
14409,58.5,292,Pickup,Yes,Construction Material,Low,1370,3.3
14410,29.3,748,Mini Truck,Yes,Grocery,Medium,1210,3.0
14411,2.0,20,E-Rickshaw Loader,No,Construction Material,Medium,200,0.7
14412,10.0,113,E-Rickshaw Loader,No,Electronics,High,250,1.7
14413,11.5,805,Mini Truck,No,Electronics,Medium,660,0.7
14414,25.9,175,Mini Truck,Yes,Electronics,High,1050,2.7
14415,6.3,729,Pickup,Yes,Clothing,Medium,640,1.7
14416,6.9,167,Mini Truck,No,Furniture,Low,510,1.2
14417,18.1,243,Pickup,Yes,Construction Material,High,700,2.1
14418,34.7,269,E-Rickshaw Loader,Yes,Furniture,Low,860,2.5
14419,36.4,523,Pickup,No,Construction Material,Medium,930,1.8
14420,23.7,344,Pickup,No,Furniture,Low,560,1.8
14421,40.4,297,E-Rickshaw Loader,No,Furniture,Medium,560,1.9
14422,95.4,626,Truck,Yes,Furniture,Medium,3090,5.5
14423,63.8,329,Mini Truck,No,Grocery,Medium,1330,3.9
14424,14.9,464,Mini Truck,No,Grocery,High,740,1.6
14425,6.0,460,Pickup,Yes,Appliances,Medium,580,2.0
14426,16.4,121,Pickup,Yes,Electronics,Medium,610,2.5
14427,10.2,341,Pickup,No,Furniture,Medium,350,1.1
14428,30.6,202,E-Rickshaw Loader,No,Construction Material,High,470,2.2
14429,8.1,141,Pickup,No,Clothing,Low,360,0.9
14430,20.8,338,Mini Truck,Yes,Electronics,Low,1010,2.1
14431,10.2,144,Mini Truck,Yes,Construction Material,Low,800,1.6
14432,17.4,125,Mini Truck,Yes,Clothing,Medium,930,2.5
14433,21.7,277,Mini Truck,No,Grocery,Medium,700,1.4
14434,34.0,454,Truck,No,Construction Material,Medium,1380,2.0
14435,21.8,199,E-Rickshaw Loader,No,Furniture,Medium,390,1.2
14436,13.8,281,Pickup,No,Furniture,Medium,430,1.4
14437,38.0,88,Pickup,No,Appliances,Medium,700,2.6
14438,22.7,83,Mini Truck,Yes,Electronics,Medium,860,1.8
14439,14.9,395,Truck,No,Electronics,Low,1080,1.5
14440,34.6,179,Pickup,No,Appliances,Medium,790,2.2
14441,26.1,356,Truck,Yes,Clothing,Medium,1520,2.8
14442,32.6,322,Truck,No,Construction Material,High,1350,2.3
14443,47.2,45,Pickup,Yes,Clothing,Medium,1090,3.5
14444,8.5,799,Pickup,No,Clothing,Low,420,1.0
14445,91.3,82,Pickup,No,Clothing,Low,1500,3.6
14446,30.2,249,Truck,No,Furniture,Medium,1450,1.8
14447,8.1,99,Pickup,Yes,Grocery,Medium,520,1.6
14448,51.3,176,Mini Truck,Yes,Electronics,Low,1550,3.5
14449,12.6,194,Pickup,No,Furniture,Low,430,1.0
14450,64.6,210,Mini Truck,No,Grocery,Low,1380,3.0
14451,9.0,254,Mini Truck,Yes,Construction Material,Medium,850,1.5
14452,20.8,935,Mini Truck,No,Furniture,Medium,850,1.9
14453,38.5,136,Truck,Yes,Electronics,Medium,1570,3.1
14454,34.9,466,Truck,Yes,Construction Material,High,1580,2.8
14455,28.2,675,Truck,Yes,Construction Material,Low,1810,2.7
14456,43.6,218,E-Rickshaw Loader,Yes,Appliances,Low,820,3.0
14457,15.6,772,Mini Truck,No,Clothing,Medium,740,1.5
14458,45.2,435,Pickup,No,Appliances,Medium,940,3.3
14459,13.2,425,Pickup,No,Construction Material,Medium,490,1.4
14460,60.0,689,Mini Truck,No,Clothing,Medium,1620,3.4
14461,14.2,383,Pickup,Yes,Appliances,Low,650,1.8
14462,6.9,678,Mini Truck,No,Appliances,Medium,560,0.9
14463,35.4,382,Truck,Yes,Clothing,Medium,1580,2.8
14464,25.2,670,Pickup,Yes,Grocery,Low,840,2.0
14465,28.6,876,Mini Truck,No,Electronics,Low,930,1.5
14466,17.3,224,Pickup,No,Appliances,Medium,430,1.6
14467,31.6,198,Pickup,No,Clothing,Low,660,1.8
14468,56.6,771,Pickup,No,Appliances,Medium,950,2.7
14469,27.6,661,Truck,No,Furniture,Medium,1350,1.7
14470,5.7,54,Truck,No,Electronics,Low,830,0.6
14471,22.2,359,Truck,Yes,Grocery,High,1420,2.6
14472,30.4,1001,Truck,Yes,Appliances,Medium,1760,2.5
14473,62.7,112,Pickup,No,Appliances,Low,1110,2.7
14474,36.5,98,Pickup,No,Electronics,Medium,810,1.8
14475,11.6,171,Mini Truck,Yes,Clothing,Medium,770,2.3
14476,21.5,212,Mini Truck,No,Furniture,Low,700,1.4
14477,38.0,65,Pickup,No,Grocery,Low,790,1.9
14478,32.1,114,Pickup,Yes,Grocery,Medium,990,2.8
14479,33.5,59,Mini Truck,Yes,Clothing,Medium,1030,2.9
14480,7.1,351,Mini Truck,Yes,Appliances,Medium,690,1.5
14481,35.1,345,Pickup,No,Electronics,Low,760,1.9
14482,26.4,775,Mini Truck,No,Construction Material,High,880,1.9
14483,36.2,372,Mini Truck,No,Construction Material,Medium,1070,2.4
14484,25.2,460,Mini Truck,Yes,Electronics,Medium,1010,2.6
14485,20.0,495,Pickup,No,Appliances,Medium,540,1.4
14486,46.0,131,Mini Truck,No,Appliances,Medium,1200,2.5
14487,30.9,117,E-Rickshaw Loader,Yes,Electronics,High,650,2.9
14488,8.2,101,Pickup,Yes,Grocery,Low,640,1.7
14489,24.3,212,Mini Truck,Yes,Electronics,Medium,1070,2.4
14490,17.5,197,Mini Truck,No,Grocery,Medium,610,1.4
14491,15.7,317,Pickup,No,Clothing,High,450,1.0
14492,31.7,523,Mini Truck,Yes,Furniture,Medium,1100,2.6
14493,25.3,459,Mini Truck,No,Appliances,Medium,950,2.0
14494,31.3,196,Mini Truck,No,Construction Material,High,860,2.0
14495,41.8,168,Mini Truck,No,Appliances,High,1170,2.7
14496,21.1,186,Mini Truck,Yes,Furniture,Low,980,2.2
14497,40.6,207,Mini Truck,No,Appliances,Low,990,2.0
14498,13.8,77,Pickup,Yes,Clothing,Medium,600,1.8
14499,47.7,376,Pickup,No,Furniture,High,930,3.2
14500,14.9,663,Pickup,No,Electronics,Medium,450,1.0
14501,9.3,304,Mini Truck,Yes,Appliances,Low,860,1.2
14502,29.0,315,Mini Truck,No,Grocery,Medium,910,2.1
14503,21.7,417,Pickup,Yes,Grocery,Low,900,1.9
14504,23.6,111,E-Rickshaw Loader,No,Appliances,Medium,440,1.8
14505,8.3,172,Mini Truck,No,Furniture,Medium,520,0.9
14506,8.7,188,Pickup,Yes,Grocery,Medium,580,2.1
14507,17.1,106,Mini Truck,Yes,Construction Material,High,810,2.2
14508,36.0,288,E-Rickshaw Loader,Yes,Construction Material,Medium,810,2.8
14509,17.7,512,Mini Truck,No,Electronics,Low,720,1.5
14510,8.9,538,Truck,No,Construction Material,Medium,850,1.3
14511,47.8,228,Pickup,Yes,Clothing,Medium,1080,3.8
14512,8.6,334,Mini Truck,No,Construction Material,Medium,540,0.5
14513,24.2,212,E-Rickshaw Loader,Yes,Clothing,Medium,630,1.9
14514,36.1,252,Mini Truck,No,Electronics,Medium,1040,1.8
14515,16.3,316,Mini Truck,Yes,Appliances,High,920,1.9
14516,36.1,264,Pickup,Yes,Grocery,Medium,970,2.8
14517,58.9,313,Mini Truck,No,Appliances,High,1490,3.6
14518,35.1,67,Truck,Yes,Furniture,Low,1730,2.7
14519,21.2,113,Pickup,No,Grocery,Medium,580,1.6
14520,23.7,212,E-Rickshaw Loader,No,Electronics,Low,410,1.3
14521,2.9,243,Truck,No,Construction Material,Low,700,0.7
14522,14.6,243,Mini Truck,No,Electronics,Medium,660,1.2
14523,3.1,449,Truck,No,Clothing,Low,660,0.7
14524,10.9,361,Mini Truck,No,Appliances,Low,630,0.9
14525,22.4,402,Truck,No,Electronics,Low,1180,1.5
14526,27.7,186,Mini Truck,No,Furniture,Medium,860,1.5
14527,31.9,130,Mini Truck,No,Appliances,Low,910,2.2
14528,71.0,259,Truck,No,Grocery,Medium,2250,3.4
14529,6.2,487,Mini Truck,Yes,Grocery,Medium,710,1.8
14530,10.6,679,Pickup,Yes,Electronics,Medium,650,1.8
14531,27.0,190,Pickup,Yes,Grocery,Low,820,2.2
14532,38.2,739,Pickup,No,Electronics,Medium,900,1.8
14533,13.2,118,Pickup,No,Construction Material,Medium,420,1.0
14534,25.4,74,Pickup,Yes,Grocery,Medium,820,2.4
14535,28.3,237,Mini Truck,Yes,Clothing,Medium,1130,2.4
14536,62.7,131,Mini Truck,No,Electronics,Low,1440,3.0
14537,7.1,166,Mini Truck,Yes,Grocery,Medium,750,2.1
14538,31.3,573,Mini Truck,No,Electronics,Low,1040,1.7
14539,39.0,249,E-Rickshaw Loader,No,Appliances,Medium,590,2.4
14540,33.5,168,E-Rickshaw Loader,Yes,Construction Material,Low,710,2.9
14541,51.1,341,Pickup,No,Furniture,High,970,2.9
14542,8.9,164,Mini Truck,No,Electronics,Medium,510,1.4
14543,2.4,262,Pickup,No,Furniture,High,280,0.5
14544,49.2,229,Pickup,No,Furniture,High,1050,3.1
14545,16.9,91,Pickup,Yes,Construction Material,High,720,2.4
14546,21.2,945,Truck,No,Electronics,Low,1100,1.7
14547,23.3,234,E-Rickshaw Loader,Yes,Appliances,Medium,610,2.4
14548,24.6,121,Mini Truck,Yes,Furniture,Medium,830,2.5
14549,41.7,82,Mini Truck,No,Clothing,Medium,1070,2.8
14550,30.5,420,Mini Truck,No,Electronics,Medium,900,1.5
14551,6.7,892,Truck,No,Electronics,Low,890,0.6
14552,20.9,287,E-Rickshaw Loader,Yes,Appliances,Medium,540,2.0
14553,27.9,275,Pickup,No,Clothing,High,580,1.7
14554,32.5,234,Truck,No,Construction Material,Medium,1390,1.7
14555,19.9,319,Mini Truck,No,Clothing,Medium,740,1.7
14556,14.5,314,Mini Truck,Yes,Appliances,High,760,2.5
14557,43.2,45,Mini Truck,Yes,Construction Material,Medium,1420,3.3
14558,16.6,211,Mini Truck,Yes,Furniture,High,860,2.5
14559,34.8,378,Truck,Yes,Furniture,High,1740,3.3
14560,41.1,436,Truck,No,Construction Material,Medium,1800,2.3
14561,26.8,459,Mini Truck,Yes,Construction Material,Medium,1060,2.8
14562,13.2,311,Pickup,No,Clothing,Medium,490,1.3
14563,30.7,116,Truck,No,Furniture,Medium,1380,2.1
14564,18.3,270,E-Rickshaw Loader,Yes,Appliances,Low,580,2.1
14565,88.0,696,Pickup,No,Construction Material,Medium,1610,4.4
14566,39.6,399,Truck,No,Construction Material,Low,1710,2.0
14567,38.6,242,Pickup,Yes,Furniture,Medium,1020,2.6
14568,47.8,481,Pickup,No,Appliances,Medium,930,2.6
14569,3.2,323,Pickup,No,Construction Material,Low,340,0.7
14570,21.0,266,Truck,Yes,Construction Material,High,1360,2.2
14571,46.0,487,Mini Truck,No,Appliances,Medium,1130,2.4
14572,14.5,106,Mini Truck,Yes,Appliances,Medium,900,2.2
14573,5.7,233,Pickup,Yes,Electronics,Low,520,1.8
14574,24.9,271,Mini Truck,No,Appliances,Medium,730,1.2
14575,10.8,63,Mini Truck,No,Clothing,Low,520,0.8
14576,12.0,346,Pickup,Yes,Furniture,Low,560,2.0
14577,19.9,434,Pickup,Yes,Electronics,Low,740,1.8
14578,8.0,195,Pickup,No,Grocery,Low,400,0.9
14579,19.0,504,Truck,No,Construction Material,Medium,1160,1.1
14580,27.1,626,Mini Truck,No,Clothing,Medium,900,1.5
14581,75.9,680,Truck,Yes,Electronics,Medium,2710,4.7
14582,15.5,120,Pickup,No,Appliances,Medium,450,1.4
14583,20.2,336,Mini Truck,Yes,Appliances,High,1040,2.7
14584,33.9,468,Mini Truck,Yes,Construction Material,Low,1080,3.3
14585,17.4,335,Mini Truck,Yes,Appliances,Medium,1110,2.1
14586,13.8,597,Truck,Yes,Clothing,High,1180,2.1
14587,46.4,356,Pickup,No,Electronics,Low,910,2.6
14588,60.3,117,Pickup,No,Clothing,Medium,1090,3.4
14589,17.2,604,Mini Truck,No,Appliances,Medium,710,1.5
14590,13.5,328,Mini Truck,No,Furniture,Low,600,1.0
14591,11.9,862,Mini Truck,No,Appliances,Low,690,1.2
14592,34.7,117,Pickup,Yes,Furniture,Medium,1000,2.7
14593,51.1,332,Mini Truck,No,Construction Material,Medium,1390,2.6
14594,29.7,608,Pickup,Yes,Clothing,Medium,970,2.7
14595,35.5,362,Mini Truck,No,Clothing,Medium,980,2.6
14596,44.2,525,Mini Truck,No,Clothing,Medium,1180,2.4
14597,61.3,642,Mini Truck,No,Construction Material,Medium,1510,3.2
14598,30.4,317,Pickup,Yes,Construction Material,Medium,850,2.3
14599,16.6,152,Pickup,Yes,Clothing,Medium,680,1.9
14600,37.2,572,Pickup,No,Grocery,Medium,920,2.3
14601,47.5,274,Pickup,No,Construction Material,Medium,930,2.7
14602,18.6,42,Mini Truck,Yes,Appliances,Low,900,2.5
14603,3.1,720,Truck,No,Electronics,Low,720,0.5
14604,16.3,719,Pickup,No,Construction Material,Medium,560,1.3
14605,8.0,187,Mini Truck,No,Furniture,High,490,0.9
14606,2.0,307,Truck,No,Clothing,High,660,0.8
14607,16.9,987,Truck,No,Electronics,Medium,1160,1.2
14608,21.2,664,Pickup,No,Grocery,Medium,550,1.1
14609,31.8,469,Truck,Yes,Electronics,Low,1730,2.7
14610,35.3,779,Pickup,No,Furniture,Medium,870,1.9
14611,17.8,260,Pickup,Yes,Grocery,Medium,720,2.1
14612,33.2,89,E-Rickshaw Loader,No,Grocery,Medium,510,2.0
14613,31.4,676,Mini Truck,No,Grocery,High,890,2.2
14614,31.1,299,E-Rickshaw Loader,No,Electronics,Low,490,1.0
14615,12.5,68,Pickup,Yes,Appliances,Medium,580,1.5
14616,37.5,193,Pickup,No,Furniture,Medium,800,2.1
14617,26.0,252,Truck,No,Appliances,Low,1420,2.1
14618,21.7,276,Truck,Yes,Clothing,Medium,1090,2.1
14619,13.4,168,Pickup,Yes,Furniture,Medium,600,1.9
14620,17.4,127,Truck,No,Grocery,Medium,880,1.7
14621,41.2,60,Truck,No,Appliances,Low,1500,2.2
14622,33.0,57,Mini Truck,No,Construction Material,Medium,920,2.1
14623,14.5,294,Pickup,Yes,Furniture,High,720,2.2
14624,24.9,370,Mini Truck,No,Grocery,Medium,880,1.2
14625,32.1,124,Truck,Yes,Grocery,Medium,1700,2.4
14626,15.3,767,Mini Truck,Yes,Clothing,Medium,1010,1.8
14627,37.1,219,Pickup,Yes,Appliances,Low,890,2.6
14628,4.6,277,Mini Truck,No,Furniture,High,490,1.1
14629,36.9,264,Mini Truck,No,Electronics,Low,990,1.9
14630,35.3,48,Mini Truck,Yes,Electronics,High,1210,3.0
14631,27.6,297,E-Rickshaw Loader,No,Appliances,Low,410,1.5
14632,19.3,461,Pickup,No,Construction Material,Low,540,1.6
14633,11.2,784,Truck,No,Appliances,Medium,950,1.1
14634,23.4,750,Truck,Yes,Grocery,Medium,1570,2.6
14635,30.7,421,Pickup,No,Clothing,Medium,670,1.8
14636,37.6,485,Truck,No,Electronics,High,1660,2.0
14637,13.0,116,Pickup,Yes,Appliances,Medium,560,2.1
14638,17.0,220,Mini Truck,No,Grocery,Low,760,1.3
14639,17.4,263,Mini Truck,Yes,Clothing,Medium,850,2.4
14640,6.3,196,Truck,No,Electronics,Medium,670,0.9
14641,49.2,738,Truck,Yes,Clothing,Medium,2160,4.1
14642,52.2,344,Pickup,No,Grocery,Low,980,2.2
14643,11.9,155,Truck,Yes,Furniture,Medium,1040,1.6
14644,66.2,706,Pickup,Yes,Grocery,Medium,1660,4.1
14645,19.8,352,Mini Truck,Yes,Construction Material,Medium,1010,2.2
14646,37.2,584,Mini Truck,Yes,Furniture,Medium,1370,2.9
14647,35.7,114,Mini Truck,No,Electronics,Low,940,1.9
14648,2.0,372,Pickup,Yes,Grocery,High,490,1.4
14649,24.1,149,Truck,Yes,Grocery,Low,1350,2.1
14650,11.3,358,Pickup,Yes,Grocery,Medium,560,1.6
14651,3.6,231,E-Rickshaw Loader,Yes,Grocery,Medium,400,1.7
14652,26.6,104,Mini Truck,No,Furniture,Medium,860,2.0
14653,33.8,291,Mini Truck,Yes,Electronics,Low,1210,3.4
14654,14.7,113,Truck,No,Appliances,High,990,1.4
14655,25.4,605,Pickup,Yes,Furniture,Medium,830,2.8
14656,50.7,314,Pickup,No,Construction Material,Low,920,2.5
14657,19.7,155,Truck,No,Grocery,Medium,1080,1.6
14658,7.8,191,Mini Truck,Yes,Appliances,Medium,780,1.7
14659,39.8,215,Pickup,Yes,Furniture,Medium,1110,3.0
14660,17.5,776,Mini Truck,Yes,Appliances,High,1050,2.2
14661,13.8,284,Mini Truck,Yes,Grocery,Medium,960,2.5
14662,18.7,536,Mini Truck,Yes,Furniture,Medium,1020,2.6
14663,18.2,294,Mini Truck,Yes,Electronics,Medium,960,2.0
14664,5.0,116,Truck,No,Grocery,Medium,810,0.9
14665,28.2,189,Truck,Yes,Electronics,Medium,1600,2.5
14666,27.9,385,Mini Truck,Yes,Grocery,Medium,1250,3.0
14667,19.1,49,E-Rickshaw Loader,Yes,Appliances,High,510,2.1
14668,26.4,433,Truck,Yes,Grocery,Medium,1470,2.8
14669,35.3,169,Mini Truck,No,Grocery,Medium,1000,2.1
14670,27.6,341,Mini Truck,No,Clothing,Medium,900,1.3
14671,13.4,196,Pickup,Yes,Clothing,Medium,600,2.4
14672,11.1,493,Truck,No,Furniture,Medium,880,0.6
14673,72.4,310,Mini Truck,Yes,Clothing,High,1850,4.8
14674,28.1,175,E-Rickshaw Loader,No,Grocery,Low,400,1.3
14675,20.6,60,Pickup,Yes,Furniture,Medium,680,2.6
14676,32.7,259,Truck,Yes,Electronics,Medium,1740,2.6
14677,14.8,166,E-Rickshaw Loader,Yes,Furniture,Medium,520,1.7
14678,40.0,425,Truck,No,Grocery,Medium,1480,2.4
14679,17.7,600,Mini Truck,No,Electronics,Low,740,1.0
14680,4.0,585,Mini Truck,Yes,Grocery,Medium,730,1.7
14681,21.6,612,Pickup,Yes,Construction Material,High,910,2.6
14682,10.0,610,Pickup,No,Clothing,Medium,420,1.1
14683,19.8,258,Truck,No,Construction Material,Medium,1020,0.9
14684,18.0,134,Pickup,No,Construction Material,High,480,1.8
14685,30.1,65,Mini Truck,Yes,Appliances,Medium,1000,3.0
14686,57.9,129,Pickup,Yes,Appliances,Medium,1070,4.1
14687,37.5,54,Pickup,Yes,Appliances,Medium,950,3.2
14688,28.0,92,E-Rickshaw Loader,Yes,Furniture,Medium,640,2.5
14689,25.0,364,Mini Truck,No,Electronics,Low,850,1.9
14690,28.7,60,Truck,Yes,Grocery,High,1370,2.5
14691,53.4,399,Pickup,No,Grocery,Low,940,1.9
14692,32.3,190,Pickup,No,Furniture,Medium,720,2.3
14693,4.1,321,Pickup,No,Electronics,Medium,350,0.5
14694,10.4,327,Mini Truck,No,Appliances,High,620,1.4
14695,44.6,806,Mini Truck,No,Grocery,Low,1210,1.8
14696,27.6,336,Truck,No,Grocery,Medium,1340,1.9
14697,52.7,96,Mini Truck,No,Furniture,Medium,1390,2.6
14698,36.0,141,Mini Truck,No,Clothing,Medium,1000,2.2
14699,24.5,326,Pickup,Yes,Grocery,High,750,3.0
14700,24.2,248,Truck,No,Furniture,Low,990,1.3
14701,14.6,338,Pickup,No,Appliances,Medium,470,1.6
14702,19.5,260,E-Rickshaw Loader,No,Clothing,Low,350,1.3
14703,8.3,146,Mini Truck,No,Clothing,Medium,450,1.0
14704,12.1,413,Mini Truck,Yes,Appliances,Low,750,2.1
14705,9.9,447,Pickup,Yes,Grocery,High,630,2.2
14706,22.3,342,Mini Truck,Yes,Clothing,Low,970,2.2
14707,15.9,970,Mini Truck,No,Electronics,Medium,810,0.9
14708,5.5,67,Pickup,No,Clothing,Low,340,0.8
14709,32.7,892,Truck,No,Furniture,Medium,1420,1.6
14710,17.1,231,Mini Truck,Yes,Furniture,Medium,980,2.1
14711,39.1,165,Pickup,Yes,Grocery,Low,1120,2.7
14712,31.3,424,Mini Truck,No,Furniture,Low,980,1.4
14713,77.7,191,Pickup,No,Grocery,Low,1280,3.2
14714,22.5,573,Mini Truck,No,Construction Material,Low,820,1.7
14715,14.8,225,Mini Truck,No,Construction Material,Low,540,1.0
14716,12.0,628,Pickup,Yes,Furniture,Medium,680,1.8
14717,34.9,124,Mini Truck,No,Electronics,Medium,1010,2.2
14718,37.1,380,Truck,Yes,Construction Material,Medium,1840,3.4
14719,22.7,154,Mini Truck,No,Construction Material,Low,750,1.3
14720,27.1,391,Truck,No,Furniture,Low,1320,1.9
14721,45.4,82,Pickup,Yes,Construction Material,Medium,1000,3.3
14722,36.0,89,E-Rickshaw Loader,Yes,Clothing,Medium,770,3.4
14723,28.1,224,Pickup,No,Furniture,Low,720,1.9
14724,8.6,647,Pickup,No,Grocery,Medium,430,0.9
14725,12.4,70,Pickup,Yes,Electronics,Low,580,1.9
14726,17.5,186,E-Rickshaw Loader,No,Appliances,Low,300,1.0
14727,18.3,391,Truck,No,Electronics,Medium,1160,1.4
14728,13.3,613,Truck,No,Electronics,Low,1010,0.9
14729,12.1,310,Mini Truck,Yes,Appliances,High,760,1.8
14730,18.9,344,Pickup,No,Electronics,High,570,1.8
14731,25.3,253,Pickup,Yes,Construction Material,Medium,800,2.5
14732,31.8,232,E-Rickshaw Loader,No,Furniture,Medium,450,2.0
14733,5.1,503,Mini Truck,No,Appliances,Low,520,0.7
14734,16.0,124,Truck,Yes,Appliances,Medium,1140,2.0
14735,5.7,305,Mini Truck,Yes,Construction Material,Medium,710,1.6
14736,22.5,68,E-Rickshaw Loader,Yes,Furniture,High,600,2.4
14737,22.3,93,Mini Truck,No,Furniture,Low,820,1.2
14738,21.0,283,Pickup,No,Construction Material,Medium,570,1.3
14739,18.8,179,Pickup,Yes,Electronics,Medium,650,1.8
14740,16.2,259,Mini Truck,No,Construction Material,High,640,1.4
14741,21.1,142,Mini Truck,No,Construction Material,Medium,870,1.3
14742,32.3,250,E-Rickshaw Loader,No,Appliances,Medium,520,2.4
14743,17.1,99,E-Rickshaw Loader,No,Electronics,High,300,1.1
14744,9.0,910,Truck,No,Construction Material,Low,840,0.8
14745,27.1,705,Pickup,Yes,Clothing,Low,820,2.6
14746,37.3,296,E-Rickshaw Loader,Yes,Grocery,Medium,820,2.4
14747,8.7,86,Pickup,Yes,Appliances,Medium,590,2.0
14748,7.5,259,E-Rickshaw Loader,Yes,Furniture,Low,430,1.5
14749,8.4,443,Pickup,No,Clothing,Low,370,0.6
14750,20.9,591,Truck,No,Appliances,Low,1280,1.5
14751,60.6,589,Pickup,No,Electronics,Medium,1040,3.3
14752,54.7,510,Mini Truck,Yes,Grocery,Medium,1850,3.4
14753,27.1,36,Mini Truck,No,Furniture,High,880,1.9
14754,8.2,129,Mini Truck,No,Construction Material,Medium,470,1.2
14755,54.3,520,Truck,No,Construction Material,Medium,2120,2.8
14756,56.1,189,Truck,No,Furniture,Medium,1920,2.7
14757,11.7,183,E-Rickshaw Loader,No,Clothing,Medium,240,1.1
14758,22.7,950,Mini Truck,No,Appliances,Medium,900,1.5
14759,37.2,182,Mini Truck,Yes,Appliances,Low,1140,2.7
14760,49.8,619,Truck,No,Construction Material,High,1730,3.2
14761,20.4,390,Mini Truck,Yes,Grocery,High,1020,2.3
14762,39.6,1236,Truck,No,Appliances,Medium,1700,2.4
14763,28.9,391,Mini Truck,Yes,Grocery,High,1220,2.8
14764,27.9,191,Pickup,No,Construction Material,Medium,630,1.4
14765,26.2,306,Mini Truck,Yes,Construction Material,Medium,1040,2.9
14766,62.4,122,Truck,No,Grocery,Medium,1860,2.8
14767,23.7,496,Truck,Yes,Furniture,Medium,1530,2.6
14768,31.4,220,E-Rickshaw Loader,Yes,Furniture,Medium,680,2.7
14769,62.6,306,Mini Truck,No,Grocery,Medium,1630,3.2
14770,32.9,653,Pickup,No,Grocery,Medium,800,1.8
14771,15.4,110,E-Rickshaw Loader,No,Appliances,Low,300,1.0
14772,21.9,592,Pickup,No,Grocery,Low,570,1.6
14773,12.6,77,Pickup,No,Electronics,High,400,1.0
14774,21.7,278,Truck,Yes,Grocery,Medium,1440,2.2
14775,20.5,427,Pickup,No,Electronics,Low,560,1.6
14776,17.3,520,Truck,Yes,Furniture,Medium,1460,2.0
14777,26.2,119,E-Rickshaw Loader,Yes,Furniture,Low,660,2.3
14778,6.2,777,Pickup,Yes,Electronics,Low,650,1.6
14779,71.3,432,Pickup,No,Furniture,High,1310,3.9
14780,20.8,525,Pickup,No,Electronics,High,540,1.7
14781,22.8,259,E-Rickshaw Loader,No,Clothing,Low,380,1.4
14782,53.7,124,Pickup,No,Electronics,High,1080,3.1
14783,32.6,168,Mini Truck,No,Furniture,High,920,2.4
14784,17.0,711,Pickup,Yes,Appliances,Medium,780,2.2
14785,18.8,726,Pickup,Yes,Construction Material,Medium,760,2.2
14786,44.4,45,Pickup,No,Furniture,Low,830,2.1
14787,48.3,493,Truck,No,Furniture,Low,1940,2.0
14788,15.7,274,Truck,No,Construction Material,Medium,1000,1.2
14789,52.9,413,Mini Truck,Yes,Construction Material,High,1450,3.5
14790,6.6,348,Pickup,Yes,Furniture,Medium,580,1.9
14791,57.4,181,E-Rickshaw Loader,No,Electronics,Low,740,2.4
14792,29.3,149,Truck,No,Appliances,Low,1450,1.8
14793,52.5,188,E-Rickshaw Loader,Yes,Construction Material,Medium,880,3.3
14794,34.9,190,Pickup,No,Grocery,Medium,690,1.7
14795,16.5,269,Pickup,No,Electronics,Low,520,1.0
14796,21.5,152,Pickup,Yes,Furniture,Medium,690,2.8
14797,16.9,306,Pickup,No,Grocery,Medium,450,1.2
14798,13.5,101,Mini Truck,Yes,Appliances,Low,740,2.3
14799,31.7,198,Pickup,No,Furniture,Low,670,1.8
14800,4.9,600,Mini Truck,Yes,Appliances,Low,650,1.5
14801,20.6,117,Pickup,Yes,Electronics,High,640,2.5
14802,24.6,293,E-Rickshaw Loader,No,Grocery,Medium,430,1.7
14803,5.2,92,Truck,Yes,Furniture,Medium,920,1.7
14804,28.8,180,Pickup,No,Construction Material,Medium,650,2.1
14805,34.8,182,Truck,No,Grocery,Medium,1480,2.1
14806,31.5,563,Mini Truck,No,Construction Material,Low,1010,1.9
14807,31.2,169,E-Rickshaw Loader,No,Construction Material,Medium,440,2.4
14808,25.1,234,Truck,No,Grocery,Medium,1300,1.3
14809,10.7,100,Pickup,Yes,Clothing,Low,580,1.8
14810,2.0,206,Truck,No,Furniture,Low,630,0.9
14811,20.2,219,Pickup,No,Construction Material,Medium,560,1.1
14812,16.4,200,Truck,Yes,Furniture,Medium,1240,1.8
14813,24.6,274,E-Rickshaw Loader,Yes,Grocery,Low,570,2.0
14814,13.0,152,Mini Truck,No,Clothing,Medium,560,1.2
14815,45.9,105,Mini Truck,No,Furniture,High,1230,3.0
14816,6.5,51,Truck,No,Appliances,Low,820,0.6
14817,14.9,546,Truck,No,Appliances,Medium,1050,1.3
14818,19.5,346,Truck,Yes,Grocery,Medium,1430,2.1
14819,31.8,458,Truck,No,Furniture,Low,1570,2.0
14820,31.9,416,Pickup,No,Clothing,Medium,710,2.1
14821,41.6,289,Pickup,Yes,Appliances,High,1080,3.7
14822,37.9,273,Pickup,Yes,Furniture,High,1060,3.7
14823,20.4,599,Pickup,No,Appliances,Low,530,1.5
14824,39.8,202,Pickup,Yes,Appliances,High,1100,3.2
14825,20.6,311,Mini Truck,Yes,Grocery,Medium,1060,2.3
14826,6.1,217,Pickup,Yes,Clothing,Low,510,1.3
14827,6.7,131,Mini Truck,Yes,Grocery,Low,820,1.4
14828,19.1,748,Pickup,No,Construction Material,High,600,1.7
14829,10.0,444,Pickup,Yes,Electronics,Medium,640,2.2
14830,21.6,177,Mini Truck,Yes,Furniture,High,820,2.7
14831,38.6,147,Mini Truck,No,Clothing,Low,1050,2.1
14832,17.8,488,Mini Truck,Yes,Furniture,Medium,990,1.8
14833,4.2,632,Mini Truck,Yes,Construction Material,Low,760,1.6
14834,33.1,115,Pickup,Yes,Appliances,Low,820,2.3
14835,16.4,265,Mini Truck,Yes,Electronics,High,840,2.3
14836,19.5,245,E-Rickshaw Loader,No,Electronics,Low,370,1.0
14837,84.2,312,Pickup,Yes,Construction Material,Medium,1760,5.0
14838,41.6,359,Pickup,Yes,Electronics,High,1150,3.4
14839,48.2,245,E-Rickshaw Loader,Yes,Appliances,High,870,3.8
14840,18.1,281,Pickup,Yes,Grocery,Medium,720,2.0
14841,72.8,293,Truck,No,Construction Material,Medium,2540,3.3
14842,11.7,109,Truck,No,Electronics,Medium,910,1.3
14843,6.2,624,Pickup,Yes,Furniture,Low,560,1.5
14844,81.0,250,E-Rickshaw Loader,Yes,Furniture,Low,1330,4.2
14845,4.3,609,Pickup,No,Furniture,Medium,370,0.7
14846,16.5,369,Pickup,No,Grocery,Medium,510,1.1
14847,33.5,1241,Truck,Yes,Construction Material,Low,1710,2.4
14848,18.3,20,Pickup,Yes,Furniture,Low,710,2.4
14849,14.1,319,Mini Truck,Yes,Furniture,Medium,830,2.0
14850,23.7,143,E-Rickshaw Loader,No,Grocery,Medium,410,1.5
14851,22.6,339,Truck,Yes,Clothing,Medium,1470,1.9
14852,25.7,798,Pickup,Yes,Construction Material,Low,930,2.2
14853,51.1,480,Mini Truck,Yes,Furniture,Medium,1670,3.3
14854,34.8,295,Pickup,Yes,Appliances,High,890,3.0
14855,20.0,865,Mini Truck,No,Appliances,Low,800,1.7
14856,28.0,570,Pickup,Yes,Electronics,Low,1040,2.8
14857,2.0,445,Pickup,Yes,Construction Material,Medium,540,1.4
14858,21.0,437,Truck,No,Grocery,High,1240,1.5
14859,29.6,547,Truck,Yes,Appliances,Low,1650,2.6
14860,13.0,190,Truck,Yes,Grocery,Low,1150,2.1
14861,16.9,170,Mini Truck,Yes,Appliances,Low,800,1.9
14862,41.8,130,Truck,No,Electronics,Medium,1640,2.9
14863,9.9,197,E-Rickshaw Loader,No,Grocery,High,260,1.0
14864,42.5,606,Pickup,No,Clothing,Medium,830,2.3
14865,62.9,265,Pickup,No,Clothing,Medium,1080,3.2
14866,17.2,841,Mini Truck,No,Clothing,Medium,770,1.2
14867,10.0,185,Pickup,No,Appliances,Low,410,0.7
14868,13.5,649,Pickup,No,Clothing,Medium,550,1.4
14869,60.0,733,Mini Truck,Yes,Construction Material,Medium,1740,3.9
14870,9.5,343,Truck,No,Grocery,Low,860,1.5
14871,10.1,262,Pickup,No,Grocery,Low,420,1.2
14872,4.2,159,Pickup,No,Grocery,Medium,310,0.9
14873,16.6,597,Pickup,No,Construction Material,Medium,510,1.8
14874,26.3,254,Pickup,Yes,Grocery,Medium,840,2.7
14875,55.0,230,Pickup,No,Furniture,Low,990,2.7
14876,17.8,400,Mini Truck,Yes,Furniture,Low,860,1.9
14877,32.8,482,Mini Truck,Yes,Appliances,Low,1210,2.5
14878,13.8,152,Mini Truck,Yes,Furniture,Low,900,2.1
14879,8.5,399,Pickup,No,Furniture,Medium,360,1.2
14880,50.2,736,Truck,No,Grocery,Low,1730,2.2
14881,25.7,128,Pickup,No,Electronics,Medium,560,2.3
14882,34.7,605,Mini Truck,No,Grocery,Medium,1070,2.0
14883,25.2,602,Truck,Yes,Furniture,Medium,1590,2.8
14884,5.9,638,Pickup,No,Furniture,Medium,400,0.9
14885,41.6,244,E-Rickshaw Loader,No,Clothing,Low,620,2.2
14886,13.1,478,Truck,No,Clothing,Medium,1000,1.1
14887,31.6,592,Pickup,Yes,Furniture,High,1030,3.0
14888,9.0,398,Mini Truck,No,Construction Material,Medium,520,0.6
14889,9.5,216,E-Rickshaw Loader,No,Construction Material,Low,250,1.2
14890,13.9,212,Mini Truck,Yes,Clothing,High,820,2.3
14891,11.2,288,Pickup,No,Grocery,Medium,440,1.5
14892,8.2,169,E-Rickshaw Loader,No,Electronics,Medium,230,1.0
14893,79.6,294,Mini Truck,No,Construction Material,Medium,1750,3.7
14894,23.0,259,Pickup,Yes,Grocery,Low,730,2.6
14895,5.2,634,Pickup,No,Electronics,Medium,350,0.8
14896,8.6,182,E-Rickshaw Loader,No,Grocery,Medium,230,0.5
14897,11.9,95,Pickup,Yes,Clothing,High,560,2.1
14898,15.7,130,Pickup,No,Grocery,Low,460,1.4
14899,36.4,116,E-Rickshaw Loader,Yes,Electronics,Medium,760,3.2
14900,26.3,300,Truck,No,Appliances,High,1390,1.7
14901,22.6,135,E-Rickshaw Loader,No,Appliances,Low,380,1.5
14902,6.4,261,Mini Truck,Yes,Grocery,High,770,1.9
14903,32.3,202,Pickup,Yes,Grocery,Low,830,2.7
14904,6.0,78,Pickup,No,Construction Material,Low,340,0.7
14905,19.4,128,Truck,Yes,Furniture,Medium,1170,2.3
14906,27.5,675,Pickup,Yes,Clothing,Medium,950,2.8
14907,28.2,236,Truck,No,Clothing,Low,1250,1.1
14908,25.0,224,Pickup,Yes,Grocery,Medium,850,2.5
14909,25.8,215,Mini Truck,No,Furniture,Low,740,1.8
14910,24.3,367,Mini Truck,No,Furniture,Low,720,1.9
14911,7.3,307,Truck,No,Construction Material,Medium,780,1.3
14912,7.0,992,Mini Truck,Yes,Electronics,Medium,830,1.9
14913,38.9,661,Mini Truck,No,Grocery,Low,1070,2.5
14914,39.3,682,Pickup,Yes,Grocery,Medium,1070,3.3
14915,9.4,514,Pickup,No,Furniture,Medium,430,0.5
14916,25.3,470,Truck,No,Grocery,Low,1270,1.4
14917,29.0,123,Pickup,Yes,Grocery,Medium,940,3.0
14918,22.6,93,Pickup,Yes,Construction Material,Low,760,2.1
14919,42.7,82,Mini Truck,No,Electronics,Medium,1200,2.7
14920,16.1,271,Pickup,No,Electronics,High,500,1.6
14921,17.2,575,Truck,Yes,Clothing,High,1250,2.7
14922,43.0,182,Mini Truck,No,Clothing,Low,1100,2.0
14923,7.5,148,Mini Truck,Yes,Clothing,Medium,750,1.3
14924,37.9,544,Truck,Yes,Furniture,Medium,1620,2.9
14925,56.5,150,E-Rickshaw Loader,Yes,Electronics,High,960,3.9
14926,31.8,659,Pickup,Yes,Construction Material,High,990,2.9
14927,21.4,132,Mini Truck,Yes,Appliances,Medium,900,1.6
14928,7.8,574,Pickup,No,Appliances,High,380,1.0
14929,25.2,374,Mini Truck,No,Appliances,High,940,2.0
14930,12.7,29,Truck,No,Furniture,Medium,810,1.3
14931,18.1,161,Mini Truck,No,Appliances,Medium,630,1.6
14932,28.7,596,Pickup,Yes,Appliances,Medium,820,2.7
14933,11.3,80,Truck,No,Furniture,Medium,860,0.9
14934,8.9,225,Mini Truck,Yes,Grocery,Medium,710,2.1
14935,14.9,84,Mini Truck,Yes,Construction Material,Medium,830,2.2
14936,52.5,273,Pickup,Yes,Electronics,Low,1180,3.3
14937,29.1,403,Truck,No,Grocery,High,1410,2.0
14938,12.6,333,Mini Truck,Yes,Appliances,High,780,1.9
14939,13.6,354,Mini Truck,No,Appliances,Low,720,1.4
14940,46.6,332,Truck,Yes,Appliances,Medium,2100,3.4
14941,6.9,253,Pickup,No,Grocery,Medium,360,1.1
14942,51.8,530,Mini Truck,Yes,Grocery,Medium,1650,3.1
14943,11.0,78,Truck,No,Construction Material,Medium,820,1.1
14944,50.5,800,Pickup,No,Grocery,Medium,1010,2.8
14945,38.7,343,Mini Truck,No,Furniture,Medium,1070,1.9
14946,9.9,89,Truck,Yes,Clothing,High,1010,1.7
14947,34.9,730,Mini Truck,Yes,Electronics,Medium,1290,3.1
14948,5.5,260,Mini Truck,No,Furniture,Medium,500,1.0
14949,43.8,198,Truck,No,Furniture,Medium,1710,2.5
14950,9.7,91,Truck,No,Appliances,High,870,1.4
14951,43.8,180,Pickup,No,Electronics,Low,770,2.3
14952,7.4,273,E-Rickshaw Loader,No,Grocery,Medium,200,1.3
14953,10.3,142,Pickup,No,Appliances,High,360,0.9
14954,60.2,556,Mini Truck,Yes,Grocery,Medium,1940,4.0
14955,31.2,227,Mini Truck,No,Furniture,High,1070,2.2
14956,11.1,125,Mini Truck,Yes,Construction Material,Low,810,1.5
14957,27.0,188,Pickup,No,Furniture,High,610,2.4
14958,26.6,423,Mini Truck,Yes,Furniture,Medium,1130,2.4
14959,18.9,354,Pickup,Yes,Appliances,High,820,2.4
14960,26.4,862,Mini Truck,No,Electronics,Medium,1030,1.6
14961,46.9,236,Mini Truck,No,Construction Material,Low,1120,2.6
14962,38.0,568,Pickup,No,Grocery,Medium,840,2.1
14963,32.2,271,Pickup,No,Electronics,Medium,700,1.9
14964,10.9,153,Mini Truck,No,Grocery,Medium,580,1.1
14965,7.3,105,Mini Truck,No,Furniture,Medium,490,0.9
14966,21.2,239,Pickup,No,Grocery,Medium,510,1.4
14967,38.6,298,Truck,No,Construction Material,Low,1640,1.8
14968,3.4,714,Mini Truck,No,Electronics,Medium,460,0.6
14969,15.6,855,Truck,No,Construction Material,Low,1070,1.1
14970,30.7,853,Mini Truck,No,Furniture,Low,990,1.8
14971,51.2,168,Mini Truck,Yes,Grocery,Medium,1660,3.5
14972,21.1,140,Truck,Yes,Clothing,Medium,1370,2.0
14973,14.8,181,Mini Truck,Yes,Grocery,High,830,1.8
14974,22.6,265,Mini Truck,No,Appliances,Medium,820,1.3
14975,32.2,60,Pickup,No,Construction Material,High,650,2.3
14976,5.0,131,Mini Truck,No,Appliances,Low,460,1.0
14977,10.4,681,Pickup,No,Electronics,High,460,0.8
14978,11.5,369,Pickup,Yes,Appliances,High,670,2.1
14979,17.1,193,E-Rickshaw Loader,No,Construction Material,Medium,310,1.4
14980,45.1,68,E-Rickshaw Loader,Yes,Clothing,Low,810,3.5
14981,9.7,363,Truck,Yes,Appliances,Medium,1150,2.4
14982,13.3,311,Pickup,Yes,Construction Material,Low,620,2.1
14983,7.0,131,Mini Truck,No,Appliances,Medium,470,1.1
14984,17.3,491,Truck,No,Construction Material,Low,1060,1.4
14985,18.5,200,Mini Truck,No,Construction Material,Medium,820,1.2
14986,19.6,337,Pickup,No,Grocery,Low,510,1.0
14987,87.0,847,Mini Truck,Yes,Furniture,Low,2330,4.1
14988,38.4,473,Mini Truck,No,Construction Material,Low,1060,2.0
14989,21.8,92,Mini Truck,No,Appliances,Low,700,1.2
14990,31.8,474,Mini Truck,No,Clothing,Medium,1020,2.1
14991,14.3,173,Truck,No,Clothing,Medium,880,0.9
14992,76.4,425,Mini Truck,No,Construction Material,Medium,1950,3.9
14993,39.5,564,Pickup,No,Grocery,Medium,790,2.1
14994,36.0,337,Mini Truck,Yes,Furniture,Low,1190,2.3
14995,52.3,99,E-Rickshaw Loader,Yes,Electronics,Medium,910,3.4
14996,64.7,40,Truck,No,Furniture,Medium,2340,3.2
14997,9.9,255,E-Rickshaw Loader,No,Construction Material,High,250,1.1
14998,48.3,781,Pickup,No,Clothing,Medium,960,2.5
14999,30.3,165,Truck,Yes,Electronics,Medium,1400,2.4
15000,27.3,33,Mini Truck,No,Furniture,Medium,840,1.6
